PDV;Classe;Classe Segmentada;SKU;Descrição;Categoria;Subcategoria;Lançamento;Desativação;Histórico de Vendas do Ciclo 202514;Histórico de Vendas do Ciclo 202515;Histórico de Vendas do Ciclo 202516;Histórico de Vendas do Ciclo 202517;Histórico de Vendas do Ciclo 202601;Histórico de Vendas do Ciclo 202602;Histórico de Vendas do Ciclo 202603;Histórico de Vendas do Ciclo 202604;Histórico de Vendas do Ciclo 202605;Histórico de Vendas do Ciclo 202606;Histórico de Vendas do Ciclo 202607;Histórico de Vendas do Ciclo 202608;Histórico de Vendas do Ciclo 202609;Histórico de Vendas do Ciclo 202610;Histórico de Vendas do Ciclo 202611;Histórico de Vendas do Ciclo 202612;Histórico de Vendas do Ciclo 202613;Histórico de Vendas do Ciclo 202614 (atual);Dias sem venda;Projeção Próximo Ciclo;Projeção Próximo Ciclo + 1;Projeção Próximo Ciclo + 2;Desconto Promoção Ciclo Atual;Promoção Ciclo Atual;Desconto Promoção Próximo Ciclo;Promoção Próximo Ciclo;Desconto Promoção Próximo Ciclo + 1;Promoção Próximo Ciclo + 1;Desconto Promoção Próximo Ciclo + 2;Promoção Próximo Ciclo + 2;Foco Ciclo Atual;Foco Próximo Ciclo;Foco Próximo Ciclo + 1;Foco Próximo Ciclo + 2;IAF Ciclo Atual;IAF Próximo Ciclo;IAF Próximo Ciclo + 1;IAF Próximo Ciclo + 2;Estoque Atual;Estoque em Transito;Estoque de Segurança;Pedido Pendente;Compra inteligente semanal;Compra inteligente ciclo atual;Compra inteligente ciclo + 1;Compra inteligente ciclo + 2;Item Crítico;Item Desativado;Data Prevista Regularização;Carteira Bloqueada Para Novos Pedidos;Planograma;Quantidade por caixa;Preço Sell In;Quantidade;Item analisado
13629;B;BA;56470;KIT QDB SKINQ;GIFTS;ESTOJO REGULAR;;;3;2;2;3;0;4;1;2;2;6;1;1;0;0;0;0;0;0;124;0;0;0;;;;;;;;;Não;Não;Não;Não;Não;Não;Não;Não;0;0;;0;0;0;0;0;Sim;Não;Crítico;Não;0;24;27.42;0;Não
13629;B;BA;86160;QDB BAL HID LAB AMORUDA 6,2g;MAQUIAGEM;MAQUIAGEM BOCA;;;12;0;0;2;1;2;2;4;1;4;10;11;3;7;6;5;0;0;45;2;4;2;;;;;25.0;Franqueado: Ressarcimento via BSO. Consumidor/Revendedor: Compre itens selecionados durante a pré Beauty Week com até 25% de desconto.;;;Não;Não;Não;Não;Não;Não;Não;Não;0;0;2;9;0;0;0;1;Sim;Não;Crítico;Não;0;210;12.17;0;Não
13629;E;;83735;QDB BALM LAB HID REG 8g;MAQUIAGEM;MAQUIAGEM BOCA;;;0;0;0;0;0;0;0;1;0;0;0;0;0;0;0;0;0;0;208;0;0;1;;;;;30.0;Itens selecionados com até 30% de lucro extra.;25.0;Franqueado: Ressarcimento via BSO. Consumidor/Revendedor: Itens selecionados de QDB com desconto progressivo 1 item com 15%, 2 itens com 20%, 3 ou mais itens com 25% de desconto.;Não;Não;Não;Sim;Não;Não;Não;Não;0;0;;0;0;0;0;1;Não;Não;;Não;0;270;17.05;0;Não
13629;C;;56052;QDB BALM LAB HIDRATANTE V2 7,5g;CUIDADOS FACIAIS;HIDRATANTES E TRATAMENTOS;;;1;0;1;1;0;0;1;3;1;0;0;0;0;1;2;0;0;0;67;0;1;1;;;;;;;;;Não;Não;Não;Não;Não;Não;Não;Não;0;0;1;0;0;0;1;2;Não;Não;;Não;0;234;17.05;0;Não
13629;E;;90679;QDB BAS LIQ TINT ALT/COBERT 120N V2 30ml;MAQUIAGEM;MAQUIAGEM ROSTO;;;0;0;0;0;0;0;0;1;0;0;1;0;0;0;0;0;0;0;131;0;1;0;;;;;25.0;Franqueado: Ressarcimento via BSO. Consumidor/Revendedor: Compre itens selecionados durante o ciclo todo da Beauty Week com até 60% de desconto.;;;Não;Não;Não;Não;Não;Não;Não;Não;1;0;1;0;0;0;0;0;Sim;Não;Crítico;Não;0;88;22.84;0;Não
13629;E;;90675;QDB BAS LIQ TINT ALT/COBERT 180Q V2 30ml;MAQUIAGEM;MAQUIAGEM ROSTO;;;0;0;0;0;0;0;1;0;0;0;0;0;0;0;0;1;0;0;39;0;0;0;;;;;25.0;Franqueado: Ressarcimento via BSO. Consumidor/Revendedor: Compre itens selecionados durante o ciclo todo da Beauty Week com até 60% de desconto.;;;Não;Não;Não;Não;Não;Não;Não;Não;0;0;;0;0;0;0;0;Não;Não;;Não;0;88;22.84;0;Não
13629;E;;90688;QDB BAS LIQ TINT ALT/COBERT 190N V2 30ml;MAQUIAGEM;MAQUIAGEM ROSTO;;;0;0;0;2;0;0;0;0;0;0;0;0;0;0;0;0;0;0;291;0;1;0;;;;;25.0;Franqueado: Ressarcimento via BSO. Consumidor/Revendedor: Compre itens selecionados durante o ciclo todo da Beauty Week com até 60% de desconto.;;;Não;Não;Não;Não;Não;Não;Não;Não;0;0;1;0;0;0;1;1;Não;Não;;Não;0;88;22.84;0;Não
13629;E;;90690;QDB BAS LIQ TINT ALT/COBERT 230Q V2 30ml;MAQUIAGEM;MAQUIAGEM ROSTO;;;0;0;1;0;0;0;0;0;0;1;0;0;0;0;1;0;0;0;51;0;1;0;;;;;25.0;Franqueado: Ressarcimento via BSO. Consumidor/Revendedor: Compre itens selecionados durante o ciclo todo da Beauty Week com até 60% de desconto.;;;Não;Não;Não;Não;Não;Não;Não;Não;0;0;1;0;0;0;1;1;Não;Não;;Não;0;88;22.84;0;Não
13629;E;;90694;QDB BAS LIQ TINT ALT/COBERT 310Q V2 30ml;MAQUIAGEM;MAQUIAGEM ROSTO;;;0;0;0;0;0;0;0;0;0;0;0;0;0;0;0;0;0;0;;0;0;0;;;;;25.0;Franqueado: Ressarcimento via BSO. Consumidor/Revendedor: Compre itens selecionados durante o ciclo todo da Beauty Week com até 60% de desconto.;;;Não;Não;Não;Não;Não;Não;Não;Não;10;0;0;0;0;0;0;0;Não;Não;;Não;0;88;22.84;0;Não
13629;E;;90696;QDB BAS LIQ TINT ALT/COBERT 330N V2 30ml;MAQUIAGEM;MAQUIAGEM ROSTO;;;0;0;0;0;0;0;0;0;0;0;0;0;0;0;0;0;0;0;374;0;0;0;;;;;25.0;Franqueado: Ressarcimento via BSO. Consumidor/Revendedor: Compre itens selecionados durante o ciclo todo da Beauty Week com até 60% de desconto.;;;Não;Não;Não;Não;Não;Não;Não;Não;2;0;0;0;0;0;0;0;Não;Não;;Não;0;88;22.84;0;Não
13629;C;;90345;QDB BASE LIQ INSTAMATTE 175Q 30ml;MAQUIAGEM;MAQUIAGEM ROSTO;;;0;0;0;0;0;0;0;0;0;0;0;0;0;0;0;0;0;1;6;0;1;0;25.0;Franqueado: Ressarcimento via BSO. Consumidor/Revendedor: Itens selecionados MAQUIAGEM e ACESSÓRIOS com até 34% de desconto.;;;50.0;Franqueado: Ressarcimento via BSO. Consumidor/Revendedor: Compre itens selecionados durante o ciclo todo da Beauty Week com até 60% de desconto.;;;Não;Não;Sim;Não;Não;Não;Não;Não;0;0;1;1;0;0;0;0;Não;Não;;Não;0;88;21.32;0;Não
13629;E;;90349;QDB BASE LIQ INSTAMATTE 210Q V2 30ml;MAQUIAGEM;MAQUIAGEM ROSTO;;;0;0;1;0;0;0;0;1;0;0;0;0;0;0;0;0;0;0;208;0;1;0;25.0;Franqueado: Ressarcimento via BSO. Consumidor/Revendedor: Itens selecionados MAQUIAGEM e ACESSÓRIOS com até 34% de desconto.;;;50.0;Franqueado: Ressarcimento via BSO. Consumidor/Revendedor: Compre itens selecionados durante o ciclo todo da Beauty Week com até 60% de desconto.;;;Não;Não;Sim;Não;Não;Não;Não;Não;0;0;1;0;0;1;2;2;Não;Não;;Não;0;88;21.32;0;Não
13629;E;;90357;QDB BASE LIQ INSTAMATTE 285OF 30ml;MAQUIAGEM;MAQUIAGEM ROSTO;;;0;0;0;0;0;0;0;0;0;0;0;0;0;0;0;0;0;0;;0;1;0;25.0;Franqueado: Ressarcimento via BSO. Consumidor/Revendedor: Itens selecionados MAQUIAGEM e ACESSÓRIOS com até 34% de desconto.;;;50.0;Franqueado: Ressarcimento via BSO. Consumidor/Revendedor: Compre itens selecionados DE QDB com até 50% de desconto.;;;Não;Não;Sim;Não;Não;Não;Não;Não;1;0;1;0;0;0;0;0;Não;Não;;Não;0;88;21.32;0;Não
13629;E;;90359;QDB BASE LIQ INSTAMATTE 300Q V2 30ml;MAQUIAGEM;MAQUIAGEM ROSTO;;;0;0;0;0;0;0;3;0;0;0;0;0;0;0;0;0;0;0;212;0;0;0;25.0;Franqueado: Ressarcimento via BSO. Consumidor/Revendedor: Itens selecionados MAQUIAGEM e ACESSÓRIOS com até 34% de desconto.;;;50.0;Franqueado: Ressarcimento via BSO. Consumidor/Revendedor: Compre itens selecionados durante o ciclo todo da Beauty Week com até 60% de desconto.;;;Não;Não;Sim;Não;Não;Não;Não;Não;8;0;0;0;0;0;0;0;Não;Não;;Não;0;88;21.32;0;Não
13629;E;;90362;QDB BASE LIQ INSTAMATTE 325F 30ml;MAQUIAGEM;MAQUIAGEM ROSTO;;;0;0;0;0;0;0;0;0;0;0;0;0;0;0;0;0;0;0;;0;1;0;25.0;Franqueado: Ressarcimento via BSO. Consumidor/Revendedor: Itens selecionados MAQUIAGEM e ACESSÓRIOS com até 34% de desconto.;;;50.0;Franqueado: Ressarcimento via BSO. Consumidor/Revendedor: Compre itens selecionados durante o ciclo todo da Beauty Week com até 60% de desconto.;;;Não;Não;Sim;Não;Não;Não;Não;Não;2;0;1;0;0;0;0;0;Não;Não;;Não;0;88;21.32;0;Não
13629;C;;86124;QDB BASE LIQ POP 180Q 30ml;MAQUIAGEM;MAQUIAGEM ROSTO;;;0;0;0;3;0;1;0;1;2;0;0;0;3;0;0;0;0;0;94;1;2;1;;;;;"15.0
11.0";"Consumidor/Revendedor: Franqueado: Ressarcimento via BSO. Consumidor: Compre itens selecionados de maquiagem com até 15% de desconto direto.
Franqueado: Ressarcimento via BSO. Consumidor: Compre progressiva de itens selecionados de maquiagem com até 25% de desconto. Compre 2 Itens com 20% (desconto adicional 5,88%) compre 3 ou mais itens com 25% (desconto adicional 11,76%).";;;Não;Não;Não;Não;Não;Não;Não;Não;1;0;1;0;1;2;4;5;Não;Não;;Não;0;140;10.64;1;Não
13629;C;;86126;QDB BASE LIQ POP 210Q 30ml;MAQUIAGEM;MAQUIAGEM ROSTO;;;0;0;3;0;0;0;0;2;0;2;0;0;1;0;0;0;0;2;5;1;1;1;;;;;"15.0
11.0";"Consumidor/Revendedor: Franqueado: Ressarcimento via BSO. Consumidor: Compre itens selecionados de maquiagem com até 15% de desconto direto.
Franqueado: Ressarcimento via BSO. Consumidor: Compre progressiva de itens selecionados de maquiagem com até 25% de desconto. Compre 2 Itens com 20% (desconto adicional 5,88%) compre 3 ou mais itens com 25% (desconto adicional 11,76%).";;;Não;Não;Não;Não;Não;Não;Não;Não;0;0;1;1;0;1;2;3;Não;Não;;Não;0;140;10.64;0;Não
13629;C;;89255;QDB BASE LIQ POP 345OF 30ml;MAQUIAGEM;MAQUIAGEM ROSTO;;;0;0;0;0;0;0;0;2;0;0;0;0;0;0;0;0;1;0;12;0;0;0;;;;;"15.0
11.0";"Consumidor/Revendedor: Franqueado: Ressarcimento via BSO. Consumidor: Compre itens selecionados de maquiagem com até 15% de desconto direto.
Franqueado: Ressarcimento via BSO. Consumidor: Compre progressiva de itens selecionados de maquiagem com até 25% de desconto. Compre 2 Itens com 20% (desconto adicional 5,88%) compre 3 ou mais itens com 25% (desconto adicional 11,76%).";;;Não;Não;Não;Não;Não;Não;Não;Não;3;0;0;0;0;0;0;0;Não;Não;;Não;0;140;10.64;0;Não
13629;C;;86123;QDB BASE LIQUIDA POP 150N 30ml;MAQUIAGEM;MAQUIAGEM ROSTO;;;0;0;3;0;0;0;0;1;1;2;0;0;2;0;0;0;2;0;18;1;2;1;;;;;"15.0
11.0";"Consumidor/Revendedor: Franqueado: Ressarcimento via BSO. Consumidor: Compre itens selecionados de maquiagem com até 15% de desconto direto.
Franqueado: Ressarcimento via BSO. Consumidor: Compre progressiva de itens selecionados de maquiagem com até 25% de desconto. Compre 2 Itens com 20% (desconto adicional 5,88%) compre 3 ou mais itens com 25% (desconto adicional 11,76%).";;;Não;Não;Não;Não;Não;Não;Não;Não;0;1;1;0;1;2;4;5;Não;Não;;Não;0;140;10.64;1;Não
13629;B;BB;58181;QDB BAT CREM BERE 120 3,8g;MAQUIAGEM;MAQUIAGEM BOCA;;;1;1;0;1;13;2;2;1;1;0;0;4;0;4;8;0;2;1;5;3;2;2;;;"20.0
15.0";"Franqueado: Ressarcimento via BSO. Consumidor/Revendedor: Itens selecionados MAQUIAGEM com até 34% de desconto.
Revendedor: Lucro Extra Progressivo em itens selecionados de Maquiagem BATONS acordo com a quantidade comprada: 10% de Lucro Extra em 2 unidades e 15% de Lucro Extra em 3 unidades ou mais.";;;;;Não;Não;Não;Não;Não;Não;Não;Não;2;0;2;2;0;1;3;5;Sim;Não;Crítico;Não;0;330;9.12;0;Não
13629;C;;56977;QDB BAT CREM PINK MAGENTEX 3,8g;MAQUIAGEM;MAQUIAGEM BOCA;;;0;0;3;0;0;0;0;1;0;0;0;1;0;0;0;0;0;0;107;1;1;0;;;41.0;Franqueado: Ressarcimento via BSO. Consumidor/Revendedor: Itens selecionados com até 50% de desconto.;41.0;Franqueado: Ressarcimento via BSO. Consumidor/Revendedor: Compre itens selecionados DE QDB com até 50% de desconto.;;;Não;Não;Não;Não;Não;Não;Não;Não;1;0;1;0;0;0;1;1;Não;Não;;Não;0;330;16.13;0;Não
13629;B;BB;86134;QDB BAT CREM POP NUDE AVELA 3,6g;MAQUIAGEM;MAQUIAGEM BOCA;;;0;0;14;0;0;1;4;6;1;12;0;9;0;3;3;6;0;0;38;3;11;4;;;;;"15.0
11.0";"Consumidor/Revendedor: Franqueado: Ressarcimento via BSO. Consumidor: Compre itens selecionados de maquiagem com até 15% de desconto direto.
Franqueado: Ressarcimento via BSO. Consumidor: Compre progressiva de itens selecionados de maquiagem com até 25% de desconto. Compre 2 Itens com 20% (desconto adicional 5,88%) compre 3 ou mais itens com 25% (desconto adicional 11,76%).";;;Não;Não;Não;Não;Não;Não;Não;Não;0;0;4;6;0;1;12;16;Não;Não;;Não;0;330;5.76;0;Não
13629;B;BC;86132;QDB BAT CREM POP ROSA MALVA 3,6g;MAQUIAGEM;MAQUIAGEM BOCA;;;0;0;17;0;0;1;2;5;0;5;0;3;0;3;0;3;0;0;38;2;11;3;;;;;"15.0
11.0";"Consumidor/Revendedor: Franqueado: Ressarcimento via BSO. Consumidor: Compre itens selecionados de maquiagem com até 15% de desconto direto.
Franqueado: Ressarcimento via BSO. Consumidor: Compre progressiva de itens selecionados de maquiagem com até 25% de desconto. Compre 2 Itens com 20% (desconto adicional 5,88%) compre 3 ou mais itens com 25% (desconto adicional 11,76%).";;;Não;Não;Não;Não;Não;Não;Não;Não;0;0;4;4;0;2;13;16;Sim;Não;Crítico;Não;0;330;5.76;0;Não
13629;B;BB;86133;QDB BAT CREM POP ROSA RADIANTE 3,6g;MAQUIAGEM;MAQUIAGEM BOCA;;;0;0;14;0;0;0;2;0;0;10;0;6;0;2;4;0;0;0;54;2;11;3;15.0;Franqueado: Ressarcimento via BSO. Consumidor/Revendedor: Itens selecionados MAQUIAGEM e ACESSÓRIOS com até 34% de desconto.;;;"15.0
11.0";"Consumidor/Revendedor: Franqueado: Ressarcimento via BSO. Consumidor: Compre itens selecionados de maquiagem com até 15% de desconto direto.
Franqueado: Ressarcimento via BSO. Consumidor: Compre progressiva de itens selecionados de maquiagem com até 25% de desconto. Compre 2 Itens com 20% (desconto adicional 5,88%) compre 3 ou mais itens com 25% (desconto adicional 11,76%).";;;Não;Não;Não;Não;Não;Não;Não;Não;0;2;4;4;1;3;14;17;Sim;Não;Crítico;Não;0;330;5.76;1;Não
13629;B;BB;58190;QDB BAT EF MAT BERE 130 4,0g;MAQUIAGEM;MAQUIAGEM BOCA;;;0;0;0;4;3;1;2;2;1;0;0;2;1;3;0;4;1;0;11;2;1;1;;;"20.0
15.0";"Franqueado: Ressarcimento via BSO. Consumidor/Revendedor: Itens selecionados MAQUIAGEM com até 34% de desconto.
Revendedor: Lucro Extra Progressivo em itens selecionados de Maquiagem BATONS acordo com a quantidade comprada: 10% de Lucro Extra em 2 unidades e 15% de Lucro Extra em 3 unidades ou mais.";;;;;Não;Não;Não;Não;Não;Não;Não;Não;0;0;1;3;0;0;1;2;Não;Não;;Não;0;330;10.34;0;Não
13629;B;BB;58192;QDB BAT EF MAT BERE 235 4,0g;MAQUIAGEM;MAQUIAGEM BOCA;;;0;0;0;6;0;3;3;0;5;2;0;1;0;0;0;3;2;0;11;4;1;1;;;"20.0
15.0";"Franqueado: Ressarcimento via BSO. Consumidor/Revendedor: Itens selecionados MAQUIAGEM com até 34% de desconto.
Revendedor: Lucro Extra Progressivo em itens selecionados de Maquiagem BATONS acordo com a quantidade comprada: 10% de Lucro Extra em 2 unidades e 15% de Lucro Extra em 3 unidades ou mais.";;;;;Não;Não;Não;Não;Não;Não;Não;Não;0;0;2;3;0;2;3;4;Não;Não;;Não;0;330;10.34;0;Não
13629;B;BB;58193;QDB BAT EF MAT BERE 360 4,0g;MAQUIAGEM;MAQUIAGEM BOCA;;;2;0;1;3;0;0;1;2;3;0;0;0;2;1;5;1;0;1;3;2;1;1;;;"20.0
15.0";"Franqueado: Ressarcimento via BSO. Consumidor/Revendedor: Itens selecionados MAQUIAGEM com até 34% de desconto.
Revendedor: Lucro Extra Progressivo em itens selecionados de Maquiagem BATONS acordo com a quantidade comprada: 10% de Lucro Extra em 2 unidades e 15% de Lucro Extra em 3 unidades ou mais.";;;;;Não;Não;Não;Não;Não;Não;Não;Não;0;1;1;1;0;2;3;4;Não;Não;;Não;0;330;10.34;0;Não
13629;E;;88620;QDB BAT HID DOURALEXO RPCK V2 3,8g;MAQUIAGEM;MAQUIAGEM BOCA;;;0;0;1;0;0;1;0;0;4;0;0;0;0;0;0;0;0;0;173;0;0;0;;;41.0;Franqueado: Ressarcimento via BSO. Consumidor/Revendedor: Itens selecionados com até 50% de desconto.;41.0;Franqueado: Ressarcimento via BSO. Consumidor/Revendedor: Compre itens selecionados DE QDB com até 50% de desconto.;20.0;Itens selecionados com até 30% de lucro extra.;Não;Não;Não;Não;Não;Não;Não;Não;0;0;;0;0;0;0;0;Não;Não;;Não;0;330;16.13;0;Não
13629;E;;88617;QDB BAT HID MARRONZISSIMO RPCK V2 3,8g;MAQUIAGEM;MAQUIAGEM BOCA;;;0;0;3;0;1;1;0;0;3;1;0;0;0;0;0;0;0;0;142;1;1;0;;;41.0;Franqueado: Ressarcimento via BSO. Consumidor/Revendedor: Itens selecionados com até 50% de desconto.;41.0;Franqueado: Ressarcimento via BSO. Consumidor/Revendedor: Compre itens selecionados DE QDB com até 50% de desconto.;;;Não;Não;Não;Não;Não;Não;Não;Não;0;0;1;0;1;2;3;3;Não;Não;;Não;0;330;16.13;1;Não
13629;C;;88618;QDB BAT HID NUDETE RPCK V2 3,8g;MAQUIAGEM;MAQUIAGEM BOCA;;;0;1;2;1;0;0;1;1;0;0;0;1;0;0;0;0;0;1;6;1;2;0;;;41.0;Franqueado: Ressarcimento via BSO. Consumidor/Revendedor: Itens selecionados com até 50% de desconto.;41.0;Franqueado: Ressarcimento via BSO. Consumidor/Revendedor: Compre itens selecionados DE QDB com até 50% de desconto.;;;Não;Não;Não;Não;Não;Não;Não;Não;0;0;1;0;1;2;4;4;Não;Não;;Não;0;330;16.13;1;Não
13629;B;BB;56847;QDB BAT LIQ INSTAMATTE CASTANHELI 4ml;MAQUIAGEM;MAQUIAGEM BOCA;;;0;1;2;0;0;0;1;0;0;1;2;1;0;0;3;0;1;0;13;0;1;1;30.0;Franqueado: Ressarcimento via BSO. Consumidor/Revendedor: Itens selecionados MAQUIAGEM e ACESSÓRIOS com até 34% de desconto.;;;30.0;Franqueado: Ressarcimento via BSO. Consumidor/Revendedor: Compre itens selecionados durante a semana Beauty Week com até 50% de desconto.;;;Não;Não;Não;Não;Não;Não;Não;Não;2;0;1;0;0;0;0;1;Não;Não;;Não;0;204;15.22;0;Não
13629;C;;56849;QDB BAT LIQ INSTAMATTE GOIABALI 4ml;MAQUIAGEM;MAQUIAGEM BOCA;;;0;1;4;1;0;0;3;0;0;0;0;0;0;1;1;0;0;0;58;0;1;1;30.0;Franqueado: Ressarcimento via BSO. Consumidor/Revendedor: Itens selecionados MAQUIAGEM e ACESSÓRIOS com até 34% de desconto.;;;30.0;Franqueado: Ressarcimento via BSO. Consumidor/Revendedor: Compre itens selecionados durante a semana Beauty Week com até 50% de desconto.;;;Não;Não;Não;Não;Não;Não;Não;Não;0;0;1;1;0;0;1;2;Não;Não;;Não;0;204;15.22;0;Não
13629;C;;56866;QDB BAT LIQ INSTAMATTE MARSALILI 4ml;MAQUIAGEM;MAQUIAGEM BOCA;;;2;0;3;2;1;0;0;0;1;0;2;0;0;0;0;0;0;0;132;1;1;1;30.0;Franqueado: Ressarcimento via BSO. Consumidor/Revendedor: Itens selecionados MAQUIAGEM e ACESSÓRIOS com até 34% de desconto.;;;30.0;Franqueado: Ressarcimento via BSO. Consumidor/Revendedor: Compre itens selecionados durante a semana Beauty Week com até 50% de desconto.;;;Não;Não;Não;Não;Não;Não;Não;Não;0;0;1;1;0;1;2;3;Não;Não;;Não;0;204;15.22;0;Não
13629;B;BC;56846;QDB BAT LIQ INSTAMATTE MORENALI 4ml;MAQUIAGEM;MAQUIAGEM BOCA;;;1;0;3;1;1;0;4;0;0;3;1;0;0;0;1;0;0;0;60;0;1;1;30.0;Franqueado: Ressarcimento via BSO. Consumidor/Revendedor: Itens selecionados MAQUIAGEM e ACESSÓRIOS com até 34% de desconto.;;;30.0;Franqueado: Ressarcimento via BSO. Consumidor/Revendedor: Compre itens selecionados durante a semana Beauty Week com até 50% de desconto.;;;Não;Não;Não;Não;Não;Não;Não;Não;0;0;1;2;0;0;0;1;Não;Não;;Não;0;204;15.22;0;Não
13629;B;BB;56851;QDB BAT LIQ INSTAMATTE ROSEIRALI 4ml;MAQUIAGEM;MAQUIAGEM BOCA;;;0;0;2;0;0;0;0;0;0;2;0;2;0;2;2;0;0;1;4;0;1;1;30.0;Franqueado: Ressarcimento via BSO. Consumidor/Revendedor: Itens selecionados MAQUIAGEM e ACESSÓRIOS com até 34% de desconto.;;;30.0;Franqueado: Ressarcimento via BSO. Consumidor/Revendedor: Compre itens selecionados durante a semana Beauty Week com até 50% de desconto.;;;Não;Não;Não;Não;Não;Não;Não;Não;2;0;1;0;0;0;0;1;Não;Não;;Não;0;204;15.22;0;Não
13629;B;BB;56844;QDB BAT LIQ INSTAMATTE ROSETALI 4ml;MAQUIAGEM;MAQUIAGEM BOCA;;;0;0;4;1;0;0;1;1;1;1;0;1;0;0;3;1;1;1;3;0;1;1;30.0;Franqueado: Ressarcimento via BSO. Consumidor/Revendedor: Itens selecionados MAQUIAGEM e ACESSÓRIOS com até 34% de desconto.;;;30.0;Franqueado: Ressarcimento via BSO. Consumidor/Revendedor: Compre itens selecionados durante a semana Beauty Week com até 50% de desconto.;;;Não;Não;Não;Não;Não;Não;Não;Não;0;0;1;1;0;0;1;2;Não;Não;;Não;0;204;15.22;0;Não
13629;C;;56943;QDB BAT LIQ INSTAMATTE VERMELHOLI 4ml;MAQUIAGEM;MAQUIAGEM BOCA;;;1;0;2;2;0;1;0;0;0;2;0;1;0;0;0;0;0;0;107;0;1;1;30.0;Franqueado: Ressarcimento via BSO. Consumidor/Revendedor: Itens selecionados MAQUIAGEM e ACESSÓRIOS com até 34% de desconto.;;;30.0;Franqueado: Ressarcimento via BSO. Consumidor/Revendedor: Compre itens selecionados durante a semana Beauty Week com até 50% de desconto.;;;Não;Não;Não;Não;Não;Não;Não;Não;0;0;1;1;0;0;1;2;Não;Não;;Não;0;204;15.22;0;Não
13629;E;;88588;QDB BAT MAT ALT/PIG MARRONT RPCK V2 3,8g;MAQUIAGEM;MAQUIAGEM BOCA;;;0;2;1;0;0;1;0;0;1;0;0;0;0;0;0;0;0;0;173;0;2;0;;;;;40.0;Franqueado: Ressarcimento via BSO. Consumidor/Revendedor: Compre itens selecionados DE QDB com até 50% de desconto.;;;Não;Não;Não;Não;Não;Não;Não;Não;0;0;1;0;1;1;3;3;Não;Não;;Não;0;330;16.13;1;Não
13629;E;;88591;QDB BAT MAT ALT/PIG VERM RPCK V2 3,8g;MAQUIAGEM;MAQUIAGEM BOCA;;;0;0;1;0;0;0;0;0;0;0;0;0;0;0;0;0;0;0;;0;0;0;;;;;41.0;Franqueado: Ressarcimento via BSO. Consumidor/Revendedor: Compre itens selecionados DE QDB com até 50% de desconto.;;;Não;Não;Não;Não;Não;Não;Não;Não;0;0;;0;0;0;0;0;Não;Sim;;Não;0;330;16.13;0;Não
13629;E;;88593;QDB BAT MATE ALT/PIG VERMEMOR 3,8g;MAQUIAGEM;MAQUIAGEM BOCA;;;0;0;1;0;0;1;0;0;0;0;0;0;0;0;0;0;0;0;248;0;0;0;;;;;;;;;Não;Não;Não;Não;Não;Não;Não;Não;1;0;0;0;0;0;0;0;Não;Não;;Não;0;330;16.13;0;Não
13629;A;;89204;QDB BAT/BL MLT ST/LB MOC/BLR MAR C/M 3,g;MAQUIAGEM;MAQUIAGEM MULTIFUNCIONAL;;;0;0;0;0;0;0;0;0;0;0;0;30;23;4;1;1;2;1;3;6;2;2;;;25.0;Franqueado: Ressarcimento via BSO. Consumidor/Revendedor: Itens selecionados MAQUIAGEM com até 25% de desconto.;;;;;Não;Não;Não;Não;Não;Não;Não;Não;2;0;4;2;1;6;8;10;Não;Não;;Não;0;24;22.23;1;Não
13629;A;;89206;QDB BAT/BL MLT ST/LB MOC/BLR ROS L/S 3,g;MAQUIAGEM;MAQUIAGEM MULTIFUNCIONAL;;;0;0;0;0;0;0;0;0;0;0;0;32;25;2;1;0;2;0;18;8;2;2;;;25.0;Franqueado: Ressarcimento via BSO. Consumidor/Revendedor: Itens selecionados MAQUIAGEM com até 25% de desconto.;;;;;Não;Não;Não;Não;Não;Não;Não;Não;3;0;4;2;1;8;10;12;Não;Não;;Não;0;24;22.23;1;Não
13629;A;;89205;QDB BAT/BL MLT ST/LB MOC/BLR ROX A/F 3,g;MAQUIAGEM;MAQUIAGEM MULTIFUNCIONAL;;;0;0;0;0;0;0;0;0;0;0;0;23;16;3;0;0;0;0;75;8;1;1;;;25.0;Franqueado: Ressarcimento via BSO. Consumidor/Revendedor: Itens selecionados MAQUIAGEM com até 25% de desconto.;;;;;Não;Não;Não;Não;Não;Não;Não;Não;24;0;4;0;0;0;0;0;Não;Não;;Não;0;24;22.23;0;Não
13629;A;;89203;QDB BAT/BL MLT ST/LB MOC/BLR VER G/B 3,g;MAQUIAGEM;MAQUIAGEM MULTIFUNCIONAL;;;0;0;0;0;0;0;0;0;0;0;0;25;22;1;0;2;0;0;34;3;1;1;;;25.0;Franqueado: Ressarcimento via BSO. Consumidor/Revendedor: Itens selecionados MAQUIAGEM com até 25% de desconto.;;;;;Não;Não;Não;Não;Não;Não;Não;Não;20;0;2;0;0;0;0;0;Não;Não;;Não;0;24;22.23;0;Não
13629;C;;88599;QDB BATOM HID MALVALI RPCK V2 3,8g;MAQUIAGEM;MAQUIAGEM BOCA;;;0;0;4;1;0;2;0;0;1;0;1;0;0;0;0;1;0;0;32;1;2;0;;;41.0;Franqueado: Ressarcimento via BSO. Consumidor/Revendedor: Itens selecionados com até 50% de desconto.;41.0;Franqueado: Ressarcimento via BSO. Consumidor/Revendedor: Compre itens selecionados DE QDB com até 50% de desconto.;;;Não;Não;Não;Não;Não;Não;Não;Não;0;0;1;0;1;2;4;4;Não;Não;;Não;0;330;16.13;1;Não
13629;C;;58286;QDB BLUSH COMP COBRELITO 2g;MAQUIAGEM;MAQUIAGEM ROSTO;;;0;1;2;0;1;1;1;1;0;0;1;0;0;0;0;0;0;0;136;0;0;0;;;25.0;Franqueado: Ressarcimento via BSO. Consumidor/Revendedor: Itens selecionados MAQUIAGEM com até 34% de desconto.;;;;;Não;Não;Não;Não;Não;Não;Não;Não;0;0;;0;0;0;0;0;Não;Não;;Não;0;328;21.32;0;Não
13629;C;;56732;QDB BLUSH COMP ROSADINLEX 2g;MAQUIAGEM;MAQUIAGEM ROSTO;;;0;0;0;1;1;1;0;0;0;1;0;0;0;1;0;0;0;0;83;0;0;0;;;25.0;Franqueado: Ressarcimento via BSO. Consumidor/Revendedor: Itens selecionados MAQUIAGEM com até 34% de desconto.;;;;;Não;Não;Não;Não;Não;Não;Não;Não;0;0;;0;0;0;0;0;Não;Não;;Não;0;328;21.32;0;Não
13629;C;;56733;QDB BLUSH COMP VERMETIN 2g;MAQUIAGEM;MAQUIAGEM ROSTO;;;0;0;1;0;0;1;1;1;0;1;0;0;0;0;0;0;0;0;145;0;0;0;30.0;Compre itens selecionados e ganhe lucro extra de até 45%. Válido entre os dias 05/10 a 12/10.;"35.0
30.0
25.0";"Compre itens selecionados e ganhe 35% de lucro extra.
Franqueado: Ressarcimento via BSO. Consumidor/Revendedor: Itens selecionados com até 50% de desconto.
Franqueado: Ressarcimento via BSO. Consumidor/Revendedor: Itens selecionados MAQUIAGEM com até 34% de desconto.";20.0;Compre itens selecionados e ganhe lucro extra de até 30%.;;;Não;Não;Não;Não;Não;Não;Não;Não;0;0;;0;0;0;0;0;Não;Não;;Não;0;328;21.32;0;Não
13629;C;;84754;QDB BLUSH LIQ BL/GLW CORAL/PESSEG 15ml;MAQUIAGEM;MAQUIAGEM ROSTO;;;2;0;0;0;1;0;0;0;2;0;0;1;0;0;0;1;0;0;44;0;1;0;;;;;30.0;Franqueado: Ressarcimento via BSO. Consumidor/Revendedor: Compre itens selecionados durante a pré Beauty Week com até 51% de desconto.;;;Não;Não;Não;Não;Não;Não;Não;Não;1;0;1;0;0;0;0;0;Não;Não;;Não;0;204;12.17;0;Não
13629;C;;84752;QDB BLUSH LIQ BL/GLW ROSA ROSALIX 15ml;MAQUIAGEM;MAQUIAGEM ROSTO;;;0;1;1;0;0;3;0;1;1;0;0;0;0;1;1;2;1;0;13;1;1;1;;;;;30.0;Franqueado: Ressarcimento via BSO. Consumidor/Revendedor: Compre itens selecionados durante a pré Beauty Week com até 51% de desconto.;;;Não;Não;Não;Não;Não;Não;Não;Não;0;1;1;1;0;0;1;2;Não;Não;;Não;0;204;12.17;0;Não
13629;B;BC;88335;QDB BOLSA MENINAS SUPERPODEROSAS PES;ACESSÓRIOS;ORGANIZADOR COSTURÁVEL;;;2;0;5;0;0;0;0;0;0;0;0;0;0;3;0;0;2;0;9;1;3;1;25.0;Revendedor Rubi/Esmeralda/Diamante: Compre 50 a 99 itens selecionados de Eudora ou Boti/QDB e tenha 15% LE Boti/QDB e 10,20% LE Eudora. Compre 100 a 199 itens selecionados de Eudora ou Boti/QDB e tenha 20% LE Boti/QDB e 13,6% LE Eudora. Compre 200 ou mais itens selecionados de Eudora ou Boti/QDB e tenha 25% LE Boti/QDB e 17% LE Eudora.;30.0;Compre itens selecionados e ganhe até 35% de lucro extra.;40.0;Franqueado: Ressarcimento via BSO. Consumidor/Revendedor: Compre itens selecionados durante o ciclo todo da Beauty Week com até 60% de desconto.;;;Não;Não;Não;Não;Não;Não;Não;Não;58;0;2;0;0;0;0;0;Não;Não;;Não;0;140;24.61;0;Não
13629;E;;53743;QDB BRUMA FAC FIX ACORDEI ASSIM PRM 30ml;SUPORTE À VENDA;PRM;;;0;0;0;0;0;0;0;0;0;0;0;0;0;0;0;0;0;0;;0;0;0;59.0;Lucro Extra de 59,5% em itens selecionados de PRM. Limitado a 10 unidades.;;;;;;;Não;Não;Não;Não;Não;Não;Não;Não;26;0;;0;0;0;0;0;Não;Não;;Não;0;96;1.02;0;Não
13629;A;;89870;QDB CASE ORGANIZADOR RIG C/CHARMS PU;ACESSÓRIOS;ORGANIZADOR COSTURÁVEL;;;0;0;0;0;0;0;0;0;0;0;0;0;0;33;2;3;0;0;47;1;1;1;38.0;Franqueado: Ressarcimento via BSO. Consumidor/Revendedor: Itens selecionados da linha de Friends com até 41% de desconto.;"38.0
25.0";"Franqueado: Ressarcimento via BSO. Consumidor/Revendedor: Itens selecionados da linha de Friends com até 41% de desconto.
Compre itens selecionados e ganhe até 35% de lucro extra.";40.0;Franqueado: Ressarcimento via BSO. Consumidor/Revendedor: Compre itens selecionados durante o ciclo todo da Beauty Week com até 60% de desconto.;;;Não;Não;Não;Não;Não;Não;Não;Não;11;0;2;0;0;0;0;0;Não;Não;;Não;0;64;40.15;0;Não
13629;E;;79489;QDB CLEASING OIL SAB LIQ FAC 105ml;CUIDADOS FACIAIS;LIMPEZA;;;0;0;0;0;1;0;0;0;0;0;0;0;0;0;0;0;0;0;265;0;2;0;;;;;30.0;Franqueado: Ressarcimento via BSO. Consumidor/Revendedor: Compre itens selecionados durante o ciclo todo da Beauty Week com até 60% de desconto.;;;Não;Não;Não;Não;Não;Não;Não;Não;1;0;1;0;0;0;2;2;Não;Não;;Não;0;70;26.02;0;Não
13629;C;;56924;QDB CORRET FAC TINT ALT/COB 115 9ml;MAQUIAGEM;MAQUIAGEM ROSTO;;;1;0;1;0;0;0;0;0;0;1;0;0;0;0;1;0;0;0;51;0;1;0;;;;;25.0;Franqueado: Ressarcimento via BSO. Consumidor/Revendedor: Compre itens selecionados durante o ciclo todo da Beauty Week com até 60% de desconto.;;;Não;Não;Não;Não;Não;Não;Não;Não;0;0;1;0;0;0;1;1;Não;Não;;Não;0;442;14.61;0;Não
13629;C;;56929;QDB CORRET FAC TINT ALT/COB 295 9ml;MAQUIAGEM;MAQUIAGEM ROSTO;;;0;0;0;1;0;0;0;0;0;0;0;0;0;1;0;0;0;0;82;0;0;0;;;;;25.0;Franqueado: Ressarcimento via BSO. Consumidor/Revendedor: Compre itens selecionados durante o ciclo todo da Beauty Week com até 60% de desconto.;;;Não;Não;Não;Não;Não;Não;Não;Não;1;0;0;0;0;0;0;0;Não;Não;;Não;0;442;14.61;0;Não
13629;B;BB;57607;QDB CORRET FAC TINT ALT/COB SALMAO 9ml;MAQUIAGEM;MAQUIAGEM ROSTO;;;0;0;0;2;0;0;0;0;0;2;1;1;2;2;3;2;1;0;17;0;1;1;;;;;25.0;Franqueado: Ressarcimento via BSO. Consumidor/Revendedor: Compre itens selecionados durante o ciclo todo da Beauty Week com até 60% de desconto.;;;Não;Não;Não;Não;Não;Não;Não;Não;1;0;1;1;0;0;0;0;Não;Não;;Não;0;442;14.61;0;Não
13629;C;;75353;QDB CORRETIVO LIQ LONG DUR COR 1 4ml;MAQUIAGEM;MAQUIAGEM ROSTO;;;0;1;0;0;1;0;1;0;1;0;0;0;0;0;0;0;0;0;174;0;1;0;;;;;30.0;Franqueado: Ressarcimento via BSO. Consumidor/Revendedor: Compre itens selecionados durante a pré Beauty Week com até 51% de desconto.;;;Não;Não;Não;Não;Não;Não;Não;Não;1;0;1;0;0;0;0;0;Não;Não;;Não;0;204;17.96;0;Não
13629;C;;81155;QDB CORRETIVO LIQ LONG DUR COR 11 4ml;MAQUIAGEM;MAQUIAGEM ROSTO;;;0;0;0;0;0;0;0;0;0;0;0;0;0;0;0;0;1;0;25;0;0;0;;;;;30.0;Franqueado: Ressarcimento via BSO. Consumidor/Revendedor: Compre itens selecionados durante a semana Beauty Week com até 50% de desconto.;;;Não;Não;Não;Não;Não;Não;Não;Não;0;0;;0;0;0;0;0;Não;Não;;Não;0;204;17.96;0;Não
13629;B;BC;75354;QDB CORRETIVO LIQ LONG DUR COR 2 4ml;MAQUIAGEM;MAQUIAGEM ROSTO;;;0;1;0;0;2;0;1;2;0;1;0;1;1;0;0;0;2;0;23;0;1;1;;;;;30.0;Franqueado: Ressarcimento via BSO. Consumidor/Revendedor: Compre itens selecionados durante a pré Beauty Week com até 51% de desconto.;;;Não;Não;Não;Não;Não;Não;Não;Não;0;0;1;2;0;0;0;0;Não;Não;;Não;0;204;17.96;0;Não
13629;C;;75357;QDB CORRETIVO LIQ LONG DUR COR 5 4ml;MAQUIAGEM;MAQUIAGEM ROSTO;;;0;0;0;0;2;0;0;0;0;1;0;0;0;0;0;0;1;0;13;0;1;0;;;;;30.0;Franqueado: Ressarcimento via BSO. Consumidor/Revendedor: Compre itens selecionados durante a pré Beauty Week com até 51% de desconto.;;;Não;Não;Não;Não;Não;Não;Não;Não;0;0;1;0;0;0;1;1;Não;Não;;Não;0;204;17.96;0;Não
13629;B;BC;59766;QDB CREMAO FAC REP/ACALM SKINQ V2 30g;CUIDADOS FACIAIS;HIDRATANTES E TRATAMENTOS;;;0;0;3;0;1;2;0;6;1;2;1;3;0;0;0;0;0;0;107;1;1;1;;;;;;;;;Não;Não;Não;Não;Não;Não;Não;Não;3;0;1;0;0;0;0;1;Não;Não;;Não;0;96;17.66;0;Não
13629;A;;74186;QDB EDP DESOBD 100ml;PERFUMARIA;PERFUMARIA FEMININA;;;3;2;2;2;1;1;3;0;0;5;3;0;0;0;4;3;2;0;12;2;3;1;;;30.0;Franqueado: Ressarcimento via BSO. Consumidor/Revendedor: Itens selecionados com até 50% de desconto.;30.0;Franqueado: Ressarcimento via BSO. Consumidor/Revendedor: Compre itens selecionados durante o ciclo todo da Beauty Week com até 60% de desconto.;;;Não;Não;Sim;Não;Não;Não;Não;Não;1;0;2;2;0;2;5;6;Não;Não;;Não;0;35;85.36;0;Não
13629;B;BA;53422;QDB EDP MUITO DESOBEDIENTE 100ml;PERFUMARIA;PERFUMARIA FEMININA;;;2;0;13;0;1;0;0;0;2;0;0;2;0;1;0;1;0;0;47;0;0;0;;;;;;;;;Não;Não;Não;Não;Não;Não;Não;Não;4;0;0;0;0;0;0;0;Não;Não;;Não;0;35;85.36;0;Não
13629;B;BB;83965;QDB ESFOLIANTE SKIN Q ACAO 360 50g;CUIDADOS FACIAIS;LIMPEZA;;;2;0;2;3;2;1;0;5;0;4;0;1;0;1;0;0;2;1;4;1;4;1;;;;;50.0;Franqueado: Ressarcimento via BSO. Consumidor/Revendedor: Compre itens selecionados durante o ciclo todo da Beauty Week com até 51% de desconto.;;;Não;Não;Não;Não;Não;Não;Não;Não;0;0;2;2;0;0;4;5;Não;Não;;Não;0;140;22.84;0;Não
13629;C;;57850;QDB ESPONJA MAQ P/PO CORACAO PES;ACESSÓRIOS;FUNCIONAIS MAQUIAGEM;;;0;0;2;0;0;0;3;1;0;0;1;0;0;4;1;0;0;0;53;1;1;1;25.0;Franqueado: Ressarcimento via BSO. Consumidor/Revendedor: Itens selecionados MAQUIAGEM e ACESSÓRIOS com até 34% de desconto.;"25.0
0.0";"Compre itens selecionados e ganhe até 35% de lucro extra.
Junte ao menos 5 embalagens de qualquer marca, leve ao Espaço do Revendedor durante o Ciclo 15/2026, utilizando o cupom ""Botirecicla5"" ao fazer um pedido mínimo e ganhe um produto selecionado para vender com 100% de lucro. Promoção não válida para cartuchos.";;;25.0;Franqueado: Ressarcimento via BSO. Consumidor/Revendedor: Itens selecionados de QDB com desconto progressivo 1 item com 15%, 2 itens com 20%, 3 ou mais itens com 25% de desconto.;Não;Não;Não;Sim;Não;Não;Não;Não;3;0;1;0;0;0;0;1;Não;Não;;Não;0;276;10.58;0;Não
13629;C;;56047;QDB ESPONJA MAQUIAGEM PU;ACESSÓRIOS;FUNCIONAIS MAQUIAGEM;;;1;0;0;2;0;0;0;0;1;0;0;0;1;1;0;1;0;0;34;1;2;1;;;31.0;Franqueado: Ressarcimento via BSO. Consumidor/Revendedor: Itens selecionados com até 50% de desconto.;31.0;Franqueado: Ressarcimento via BSO. Consumidor/Revendedor: Compre itens selecionados durante o ciclo todo da Beauty Week com até 60% de desconto.;;;Não;Não;Não;Não;Não;Não;Não;Não;0;0;1;0;1;2;4;5;Não;Não;;Não;0;168;14.37;1;Não
13629;E;;90702;QDB ESPUM/LIMP FAC V3 150ml;CUIDADOS FACIAIS;LIMPEZA;;;1;1;1;2;4;1;0;5;2;7;1;0;0;5;0;0;1;0;18;1;6;1;;;;;50.0;Franqueado: Ressarcimento via BSO. Consumidor/Revendedor: Compre itens selecionados durante o ciclo todo da Beauty Week com até 51% de desconto.;;;Não;Não;Não;Não;Não;Não;Não;Não;3;0;3;0;0;1;7;8;Não;Não;;Não;0;60;24.48;0;Não
13629;B;BA;90593;QDB GEL HID FAC FRIENDS 80g;CUIDADOS FACIAIS;HIDRATANTES E TRATAMENTOS;;202614;0;0;0;0;0;0;0;0;0;0;0;0;0;20;6;5;1;0;;0;0;0;41.0;Franqueado: Ressarcimento via BSO. Consumidor/Revendedor: Itens selecionados da linha de Friends com até 41% de desconto.;"41.0
10.0";"Franqueado: Ressarcimento via BSO. Consumidor/Revendedor: Itens selecionados da linha de Friends com até 41% de desconto.
Compre itens selecionados e ganhe até 35% de lucro extra.";40.0;Franqueado: Ressarcimento via BSO. Consumidor/Revendedor: Compre itens selecionados durante o ciclo todo da Beauty Week com até 60% de desconto.;;;Não;Não;Não;Não;Não;Não;Não;Não;10;0;;0;0;0;0;0;Não;Sim;;Não;0;30;25.89;0;Não
13629;B;BA;59174;QDB GEL LIMP FAC CBT/OL SKINQ V2 150ml;CUIDADOS FACIAIS;LIMPEZA;;;0;0;0;0;2;3;1;25;3;1;2;4;2;7;0;0;2;1;6;1;8;1;;;;;50.0;Franqueado: Ressarcimento via BSO. Consumidor/Revendedor: Compre itens selecionados durante o ciclo todo da Beauty Week com até 51% de desconto.;;;Não;Não;Não;Não;Não;Não;Não;Não;2;0;3;3;0;0;7;8;Não;Não;;Não;0;48;17.44;0;Não
13629;B;BB;56911;QDB GLOS DOS SONHOS CEREJEX 4ml;MAQUIAGEM;MAQUIAGEM BOCA;;;1;1;1;2;0;0;2;0;0;1;1;1;1;0;3;1;2;0;24;1;4;1;;;;;50.0;Franqueado: Ressarcimento via BSO. Consumidor/Revendedor: Compre itens selecionados durante o ciclo todo da Beauty Week com até 60% de desconto.;;;Não;Não;Não;Não;Não;Não;Não;Não;0;1;2;1;0;1;5;6;Não;Não;;Não;0;204;15.22;0;Não
13629;B;BB;56906;QDB GLOS DOS SONHOS MALVALEX 4ml;MAQUIAGEM;MAQUIAGEM BOCA;;;4;0;0;0;0;2;2;1;0;1;1;2;1;2;2;3;1;1;6;1;4;1;;;;;60.0;Franqueado: Ressarcimento via BSO. Consumidor/Revendedor: Compre itens selecionados durante o ciclo todo da Beauty Week com até 60% de desconto.;;;Não;Não;Não;Não;Não;Não;Não;Não;0;2;2;1;0;0;4;5;Não;Não;;Não;0;204;15.22;0;Não
13629;B;BB;56907;QDB GLOS DOS SONHOS ROSADEX 4ml;MAQUIAGEM;MAQUIAGEM BOCA;;;5;0;0;0;2;2;0;1;0;2;2;1;0;0;4;2;3;0;11;0;4;1;;;;;50.0;Franqueado: Ressarcimento via BSO. Consumidor/Revendedor: Compre itens selecionados durante o ciclo todo da Beauty Week com até 60% de desconto.;;;Não;Não;Não;Não;Não;Não;Não;Não;0;1;2;2;0;0;3;4;Não;Não;;Não;0;204;15.22;0;Não
13629;C;;86114;QDB GLOS LAB CACH/UVA 10ml;MAQUIAGEM;MAQUIAGEM BOCA;;;0;0;0;0;0;0;0;0;2;0;2;1;0;1;1;0;0;0;;2;1;1;;;50.0;Franqueado: Ressarcimento via BSO. Consumidor/Revendedor: Itens selecionados com até 50% de desconto.;;;;;Não;Não;Não;Não;Não;Não;Não;Não;0;0;;0;0;0;0;0;Não;Sim;;Não;0;204;14.61;0;Não
13629;B;BB;90048;QDB GLOS LAB NAH/CARD COCOA MELT 2,4ml;MAQUIAGEM;MAQUIAGEM BOCA;;;0;0;0;0;0;0;3;4;0;3;0;0;0;1;0;0;0;0;75;0;0;0;;;35.0;Compre itens selecionados e ganhe 35% de lucro extra.;10.0;Compre itens selecionados e ganhe lucro extra de até 30%.;25.0;Franqueado: Ressarcimento via BSO. Consumidor/Revendedor: Itens selecionados de QDB com desconto progressivo 1 item com 15%, 2 itens com 20%, 3 ou mais itens com 25% de desconto.;Não;Não;Não;Não;Não;Não;Não;Não;1;0;0;1;0;0;0;0;Não;Não;;Não;0;450;24.37;0;Não
13629;B;BC;90046;QDB GLOS LAB NAH/CARD COTTON CANDY 2,4ml;MAQUIAGEM;MAQUIAGEM BOCA;;;0;0;0;0;0;0;6;4;0;0;1;0;1;0;0;1;0;0;;0;0;0;;;35.0;Compre itens selecionados e ganhe 35% de lucro extra.;10.0;Compre itens selecionados e ganhe lucro extra de até 30%.;25.0;Franqueado: Ressarcimento via BSO. Consumidor/Revendedor: Itens selecionados de QDB com desconto progressivo 1 item com 15%, 2 itens com 20%, 3 ou mais itens com 25% de desconto.;Não;Não;Não;Não;Não;Não;Não;Não;3;0;;0;0;0;0;0;Não;Sim;;Não;0;450;24.37;0;Não
13629;E;;90047;QDB GLOS LAB NAH/CARD GUAVA GLAZE 2,4ml;MAQUIAGEM;MAQUIAGEM BOCA;;;0;0;0;0;0;0;2;1;0;0;0;0;0;0;0;0;0;0;201;0;0;1;;;35.0;Compre itens selecionados e ganhe 35% de lucro extra.;10.0;Compre itens selecionados e ganhe lucro extra de até 30%.;25.0;Franqueado: Ressarcimento via BSO. Consumidor/Revendedor: Itens selecionados de QDB com desconto progressivo 1 item com 15%, 2 itens com 20%, 3 ou mais itens com 25% de desconto.;Não;Não;Não;Não;Não;Não;Não;Não;3;0;0;0;0;0;0;0;Não;Não;;Não;0;450;24.37;0;Não
13629;B;BA;88819;QDB GLOSS SONHOS AVELI 4ml;MAQUIAGEM;MAQUIAGEM BOCA;;;0;0;0;9;1;1;1;1;0;2;6;2;0;6;1;0;15;0;;0;1;1;25.0;Revendedor Rubi/Esmeralda/Diamante: Compre 50 a 99 itens selecionados de Eudora ou Boti/QDB e tenha 15% LE Boti/QDB e 10,20% LE Eudora. Compre 100 a 199 itens selecionados de Eudora ou Boti/QDB e tenha 20% LE Boti/QDB e 13,6% LE Eudora. Compre 200 ou mais itens selecionados de Eudora ou Boti/QDB e tenha 25% LE Boti/QDB e 17% LE Eudora.;;;"30.0
15.0";"Itens selecionados com até 30% de lucro extra.
Compre itens selecionados e ganhe lucro extra de até 30%.";30.0;Itens selecionados com até 30% de lucro extra.;Não;Não;Não;Não;Não;Não;Não;Não;0;0;;0;0;0;0;0;Não;Sim;;Não;0;75;17.35;0;Não
13629;B;BC;90893;QDB HID LAB LEIT/MEL INCOL V2 6,2g;MAQUIAGEM;MAQUIAGEM BOCA;;;3;10;1;0;0;4;0;0;0;4;1;4;1;3;5;5;1;0;25;1;2;1;20.0;Franqueado: Ressarcimento via BSO. Consumidor/Revendedor: Itens selecionados MAQUIAGEM e ACESSÓRIOS com até 34% de desconto.;30.0;Franqueado: Ressarcimento via BSO. Consumidor/revendedor: Compre balms selecionados de CUIDE-SE BEM com  desconto progressivo: Compre 2 item com 20%, compre 3 ou mais itens com 30% de desconto.;;;"25.0
10.0";"Franqueado: Ressarcimento via BSO. Consumidor/Revendedor: Itens selecionados de QDB com desconto progressivo 1 item com 15%, 2 itens com 20%, 3 ou mais itens com 25% de desconto.
10% de Lucro Extra na compra de 1 unidade Balm Labial e 1 unidade de Esfoliante Labial de itens selecionados de Maquiagem";Não;Não;Não;Não;Não;Não;Não;Não;1;0;1;4;0;0;0;1;Sim;Não;Crítico;Não;0;210;12.17;0;Não
13629;B;BC;58288;QDB ILUM FAC COMP DOURADIX 5g;MAQUIAGEM;MAQUIAGEM ROSTO;;;0;0;0;1;0;0;0;0;0;0;1;0;1;0;0;0;0;1;4;0;1;1;;;;;20.0;Franqueado: Ressarcimento via BSO. Consumidor/Revendedor: Compre itens selecionados durante a pré Beauty Week com até 51% de desconto.;;;Não;Não;Não;Não;Não;Não;Não;Não;0;0;1;0;0;0;1;2;Não;Não;;Não;0;264;24.37;0;Não
13629;A;;88740;QDB ILUM FAC CR HOGWARTS POM/OUR/DOUR 5g;MAQUIAGEM;MAQUIAGEM ROSTO;;;3;3;5;6;8;3;3;8;0;9;22;3;1;7;4;2;8;0;9;3;6;1;25.0;Revendedor Rubi/Esmeralda/Diamante: Compre 50 a 99 itens selecionados de Eudora ou Boti/QDB e tenha 15% LE Boti/QDB e 10,20% LE Eudora. Compre 100 a 199 itens selecionados de Eudora ou Boti/QDB e tenha 20% LE Boti/QDB e 13,6% LE Eudora. Compre 200 ou mais itens selecionados de Eudora ou Boti/QDB e tenha 25% LE Boti/QDB e 17% LE Eudora.;35.0;Compre itens selecionados de maquiagem e ganhe 35% de Lucro Extra a partir da primeira unidade.;50.0;Franqueado: Ressarcimento via BSO. Consumidor/Revendedor: Compre itens selecionados durante o ciclo todo da Beauty Week com até 60% de desconto.;;;Não;Não;Sim;Não;Não;Não;Não;Não;39;0;4;0;0;0;0;0;Não;Não;;Não;0;144;24.37;0;Não
13629;B;BB;59485;QDB KIT CAN DEL LIVRES/DETERMINAD 3x0,4g;MAQUIAGEM;MAQUIAGEM OLHOS;;;1;0;0;0;0;0;0;0;0;1;1;0;0;0;0;0;3;0;18;0;1;0;;;30.0;Franqueado: Ressarcimento via BSO. Consumidor/Revendedor: Itens selecionados com até 50% de desconto.;40.0;Franqueado: Ressarcimento via BSO. Consumidor/Revendedor: Compre itens selecionados durante o ciclo todo da Beauty Week com até 60% de desconto.;;;Não;Não;Não;Não;Não;Não;Não;Não;22;0;1;0;0;0;0;0;Não;Não;;Não;0;384;36.56;0;Não
13629;C;;57755;QDB KIT DE ESPONJAS DUPLA INFALIVEL;ACESSÓRIOS;PINCÉIS;;;0;1;2;0;0;0;0;0;0;1;0;0;0;0;0;0;0;0;164;0;2;1;25.0;Revendedor Rubi/Esmeralda/Diamante: Compre 50 a 99 itens selecionados de Eudora ou Boti/QDB e tenha 15% LE Boti/QDB e 10,20% LE Eudora. Compre 100 a 199 itens selecionados de Eudora ou Boti/QDB e tenha 20% LE Boti/QDB e 13,6% LE Eudora. Compre 200 ou mais itens selecionados de Eudora ou Boti/QDB e tenha 25% LE Boti/QDB e 17% LE Eudora.;;;40.0;Franqueado: Ressarcimento via BSO. Consumidor/revendedor: Compre itens selecionados de com até 41% de desconto;;;Não;Não;Não;Não;Não;Não;Não;Não;0;0;1;0;1;1;3;4;Não;Não;;Não;0;54;23.85;1;Não
13629;E;;56577;QDB KIT PINCEIS SUPER COLOR;ACESSÓRIOS;PINCÉIS;;;0;0;0;0;0;0;0;0;0;0;0;0;0;0;0;0;0;0;;1;1;1;20.0;Franqueado: Ressarcimento via BSO. Consumidor/Revendedor: Itens selecionados MAQUIAGEM e ACESSÓRIOS com até 34% de desconto.;;;;;25.0;Franqueado: Ressarcimento via BSO. Consumidor/Revendedor: Itens selecionados de QDB com desconto progressivo 1 item com 15%, 2 itens com 20%, 3 ou mais itens com 25% de desconto.;Não;Não;Não;Sim;Não;Não;Não;Não;0;0;;0;0;0;0;0;Não;Sim;;Não;0;18;33.33;0;Não
13629;B;BA;56873;QDB LAP 3/1 MULTIF MARROM ANIMACAO 1,2g;MAQUIAGEM;MAQUIAGEM MULTIFUNCIONAL;;;9;5;0;8;2;3;7;2;5;7;3;3;4;4;8;9;2;5;3;3;8;4;;;;;23.0;Franqueado: Ressarcimento via BSO. Consumidor/Revendedor: Compre itens selecionados durante o ciclo todo da Beauty Week com até 60% de desconto.;;;Não;Não;Não;Não;Não;Não;Não;Não;0;0;4;9;0;0;6;10;Sim;Não;Crítico;Não;0;780;7.9;0;Não
13629;B;BC;54750;QDB LAP BAT 3/1 FABER CASTELL ROSA 1,2g;MAQUIAGEM;MAQUIAGEM MULTIFUNCIONAL;;;0;1;0;2;0;0;0;0;0;0;0;0;0;1;0;0;3;2;5;0;3;0;0.0;"Junte ao menos 5 embalagens de qualquer marca, leve ao Espaço do Revendedor durante o Ciclo 14/2026, utilizando o cupom ""Botirecicla5"" ao fazer um pedido mínimo e ganhe um produto selecionado para vender com 100% de lucro. Promoção não válida para cartuchos.";;;51.0;Franqueado: Ressarcimento via BSO. Consumidor/Revendedor: Compre itens selecionados durante a pré Beauty Week com até 51% de desconto.;;;Não;Não;Não;Não;Não;Não;Não;Não;41;0;1;0;0;0;0;0;Não;Não;;Não;0;780;13.69;0;Não
13629;E;;96328;QDB LAP CONTOR LAB NUD RPCK V2 1,1g;MAQUIAGEM;MAQUIAGEM BOCA;202612;;0;0;1;0;0;0;0;0;1;0;0;0;0;0;0;0;0;0;186;0;0;0;;;;;50.0;Franqueado: Ressarcimento via BSO. Consumidor/Revendedor: Compre itens selecionados durante o ciclo todo da Beauty Week com até 60% de desconto.;;;Não;Não;Não;Não;Não;Não;Não;Não;0;0;1;0;0;1;1;1;Não;Não;;Não;0;1440;12.17;0;Não
13629;E;;55239;QDB LAP OLH BEGETE V4 1,2g;MAQUIAGEM;MAQUIAGEM OLHOS;;;0;0;1;0;1;0;0;0;0;0;0;1;0;0;0;0;0;0;125;0;0;0;20.0;Franqueado: Ressarcimento via BSO. Consumidor/Revendedor: Itens selecionados MAQUIAGEM e ACESSÓRIOS com até 34% de desconto.;"35.0
20.0";"Compre itens selecionados e ganhe 35% de lucro extra.
Franqueado: Ressarcimento via BSO. Consumidor/Revendedor: Itens selecionados MAQUIAGEM com até 34% de desconto.";15.0;Compre itens selecionados e ganhe lucro extra de até 30%.;;;Não;Não;Não;Não;Não;Não;Não;Não;0;0;;0;0;0;0;0;Não;Não;;Não;0;1500;14.61;0;Não
13629;B;BB;77834;QDB LAP OLH ESF PRV/AG RETR PRET 1,2g V2;MAQUIAGEM;MAQUIAGEM OLHOS;;;1;2;7;3;2;1;0;1;1;3;1;1;0;0;0;3;0;0;31;1;3;1;;;27.0;Franqueado: Ressarcimento via BSO. Consumidor/Revendedor: Itens selecionados com até 50% de desconto.;40.0;Franqueado: Ressarcimento via BSO. Consumidor/Revendedor: Compre itens selecionados durante o ciclo todo da Beauty Week com até 60% de desconto.;;;Não;Não;Sim;Não;Não;Não;Não;Não;3;0;2;0;0;0;3;4;Não;Não;;Não;0;560;16.74;0;Não
13629;B;BB;55230;QDB LAP OLH PRETUCO V4 1,2g;MAQUIAGEM;MAQUIAGEM OLHOS;;;2;0;1;1;1;2;0;3;0;2;0;1;2;1;2;3;1;2;3;2;3;1;;;27.0;Franqueado: Ressarcimento via BSO. Consumidor/Revendedor: Itens selecionados com até 50% de desconto.;27.0;Franqueado: Ressarcimento via BSO. Consumidor/Revendedor: Compre itens selecionados durante o ciclo todo da Beauty Week com até 60% de desconto.;;;Não;Não;Não;Não;Não;Não;Não;Não;0;0;2;1;1;2;5;6;Não;Não;;Não;0;1500;14.61;1;Não
13629;B;BA;59359;QDB LAP OLHOS MARRONTITO 1,1g;MAQUIAGEM;MAQUIAGEM OLHOS;;;0;1;28;2;0;0;2;5;1;8;1;8;0;5;6;3;6;0;11;3;11;5;;;;;"15.0
11.0";"Consumidor/Revendedor: Franqueado: Ressarcimento via BSO. Consumidor: Compre itens selecionados de maquiagem com até 15% de desconto direto.
Franqueado: Ressarcimento via BSO. Consumidor: Compre progressiva de itens selecionados de maquiagem com até 25% de desconto. Compre 2 Itens com 20% (desconto adicional 5,88%) compre 3 ou mais itens com 25% (desconto adicional 11,76%).";;;Não;Não;Não;Não;Não;Não;Não;Não;0;6;5;2;0;1;12;17;Não;Não;;Não;0;560;6.07;0;Não
13629;B;BB;87520;QDB LAP OLHOS MARRONZIX 1,2g;MAQUIAGEM;MAQUIAGEM OLHOS;;;2;0;0;1;0;3;0;0;1;0;6;0;1;0;1;2;0;0;32;1;3;1;20.0;Franqueado: Ressarcimento via BSO. Consumidor/Revendedor: Itens selecionados MAQUIAGEM e ACESSÓRIOS com até 34% de desconto.;"35.0
20.0";"Compre itens selecionados e ganhe 35% de lucro extra.
Franqueado: Ressarcimento via BSO. Consumidor/Revendedor: Itens selecionados MAQUIAGEM com até 34% de desconto.";40.0;Franqueado: Ressarcimento via BSO. Consumidor/Revendedor: Compre itens selecionados durante o ciclo todo da Beauty Week com até 60% de desconto.;;;Não;Não;Não;Não;Não;Não;Não;Não;0;1;2;1;0;1;4;5;Não;Não;;Não;0;1500;14.61;0;Não
13629;B;BA;59358;QDB LAP OLHOS PRETITO 1,1g;MAQUIAGEM;MAQUIAGEM OLHOS;;;0;1;36;1;1;1;5;5;7;8;1;0;7;2;5;6;7;0;13;5;13;7;;;;;"15.0
11.0";"Consumidor/Revendedor: Franqueado: Ressarcimento via BSO. Consumidor: Compre itens selecionados de maquiagem com até 15% de desconto direto.
Franqueado: Ressarcimento via BSO. Consumidor: Compre progressiva de itens selecionados de maquiagem com até 25% de desconto. Compre 2 Itens com 20% (desconto adicional 5,88%) compre 3 ou mais itens com 25% (desconto adicional 11,76%).";;;Não;Não;Não;Não;Não;Não;Não;Não;0;2;6;8;0;4;17;24;Sim;Não;Crítico;Não;0;560;6.07;0;Não
13629;C;;87425;QDB LENCO REMOVEDOR OLEOSIDADE C/50 UN;ACESSÓRIOS;FUNCIONAIS MAQUIAGEM;;;3;2;1;1;2;0;0;0;0;0;2;0;0;2;0;0;0;0;76;0;1;1;20.0;Franqueado: Ressarcimento via BSO. Consumidor/Revendedor: Itens selecionados MAQUIAGEM e ACESSÓRIOS com até 34% de desconto.;;;;;25.0;Franqueado: Ressarcimento via BSO. Consumidor/Revendedor: Itens selecionados de QDB com desconto progressivo 1 item com 15%, 2 itens com 20%, 3 ou mais itens com 25% de desconto.;Não;Não;Não;Sim;Não;Não;Não;Não;1;0;1;0;0;0;1;2;Não;Não;;Não;0;200;18.92;0;Não
13629;E;;89991;QDB LIMPA PINCEIS SANEANTE/TAPETINHO 40g;SABONETE CORPO;MULTIFUNCIONAL;;;0;0;1;0;0;0;1;0;0;0;0;0;0;0;0;0;0;0;216;0;0;0;20.0;Compre itens selecionados e ganhe lucro extra de até 45%. Válido entre os dias 05/10 a 12/10.;;;;;;;Não;Não;Não;Não;Não;Não;Não;Não;11;0;0;0;0;0;0;0;Não;Não;;Não;0;80;18.36;0;Não
13629;E;;89368;QDB LIP OIL FEIRA MORANGO 3,5ml;MAQUIAGEM;MAQUIAGEM BOCA;;;0;0;0;0;0;0;72;50;0;0;0;0;0;0;0;0;0;0;199;1;1;0;;;"15.0
11.0";"Franqueado: Ressarcimento via BSO. Consumidor/Revendedor: Compre itens selecionados QUEM DISSE BERENICE, a partir de 1 itens e ganhe 15% de desconto.
Franqueado: Ressarcimento via BSO. Consumidor/Revendedor: Progressiva de itens selecionados QUEM DISSE BERENICE, 2 itens 20% (desconto adicional 5,88%) , 3 itens 25% (desconto adicional 11,76%).";"15.0
11.0";"Franqueado: Ressarcimento via BSO. Consumidor/Revendedor: Compre itens selecionados QUEM DISSE BERENICE, a partir de 1 itens e ganhe 15% de desconto.
Franqueado: Ressarcimento via BSO. Consumidor/Revendedor: Progressiva de itens selecionados QUEM DISSE BERENICE, 2 itens 20% (desconto adicional 5,88%) , 3 itens 25% (desconto adicional 11,76%).";;;Não;Não;Não;Não;Não;Não;Não;Não;0;0;1;112;0;0;0;0;Não;Não;;Não;0;288;16.74;0;Não
13629;E;;89369;QDB LIP OIL FEIRA PESSEGO 3,5ml;MAQUIAGEM;MAQUIAGEM BOCA;;;0;0;0;0;0;0;34;29;0;0;0;0;0;0;0;0;0;0;201;1;1;0;;;"15.0
11.0";"Franqueado: Ressarcimento via BSO. Consumidor/Revendedor: Compre itens selecionados QUEM DISSE BERENICE, a partir de 1 itens e ganhe 15% de desconto.
Franqueado: Ressarcimento via BSO. Consumidor/Revendedor: Progressiva de itens selecionados QUEM DISSE BERENICE, 2 itens 20% (desconto adicional 5,88%) , 3 itens 25% (desconto adicional 11,76%).";"15.0
11.0";"Franqueado: Ressarcimento via BSO. Consumidor/Revendedor: Compre itens selecionados QUEM DISSE BERENICE, a partir de 1 itens e ganhe 15% de desconto.
Franqueado: Ressarcimento via BSO. Consumidor/Revendedor: Progressiva de itens selecionados QUEM DISSE BERENICE, 2 itens 20% (desconto adicional 5,88%) , 3 itens 25% (desconto adicional 11,76%).";;;Não;Não;Não;Não;Não;Não;Não;Não;0;0;1;105;0;0;0;0;Não;Não;;Não;0;288;16.74;0;Não
13629;E;;89370;QDB LIP OIL FEIRA TANGERINA 3,5ml;MAQUIAGEM;MAQUIAGEM BOCA;;;0;0;0;0;0;0;35;29;10;0;0;0;0;0;0;0;0;0;186;0;1;1;;;"15.0
11.0";"Franqueado: Ressarcimento via BSO. Consumidor/Revendedor: Compre itens selecionados QUEM DISSE BERENICE, a partir de 1 itens e ganhe 15% de desconto.
Franqueado: Ressarcimento via BSO. Consumidor/Revendedor: Progressiva de itens selecionados QUEM DISSE BERENICE, 2 itens 20% (desconto adicional 5,88%) , 3 itens 25% (desconto adicional 11,76%).";"15.0
11.0";"Franqueado: Ressarcimento via BSO. Consumidor/Revendedor: Compre itens selecionados QUEM DISSE BERENICE, a partir de 1 itens e ganhe 15% de desconto.
Franqueado: Ressarcimento via BSO. Consumidor/Revendedor: Progressiva de itens selecionados QUEM DISSE BERENICE, 2 itens 20% (desconto adicional 5,88%) , 3 itens 25% (desconto adicional 11,76%).";;;Não;Não;Não;Não;Não;Não;Não;Não;0;0;1;100;0;0;0;0;Não;Não;;Não;0;288;16.74;0;Não
13629;E;;95352;QDB LIP/CHEK EGEO LAB/BOCHEC B/UBES 2,5g;MAQUIAGEM;MAQUIAGEM MULTIFUNCIONAL;202612;;0;0;0;0;0;0;0;0;0;0;0;0;0;0;0;26;4;1;3;9;1;9;;;20.0;Franqueado: Ressarcimento via BSO. Consumidor/Revendedor: Itens selecionados MAQUIAGEM com até 25% de desconto.;;;25.0;Franqueado: Ressarcimento via BSO. Consumidor/Revendedor: Itens selecionados de QDB com desconto progressivo 1 item com 15%, 2 itens com 20%, 3 ou mais itens com 25% de desconto.;Não;Não;Não;Sim;Não;Não;Não;Não;61;0;6;0;0;0;0;0;Não;Não;;Não;0;192;19.79;0;Não
13629;E;;95351;QDB LIP/CHEK EGEO LAB/BOCHEC L/UBES 2,5g;MAQUIAGEM;MAQUIAGEM MULTIFUNCIONAL;202612;;0;0;0;0;0;0;0;0;0;0;0;0;0;0;0;22;9;0;19;4;1;2;;;20.0;Franqueado: Ressarcimento via BSO. Consumidor/Revendedor: Itens selecionados MAQUIAGEM com até 25% de desconto.;;;25.0;Franqueado: Ressarcimento via BSO. Consumidor/Revendedor: Itens selecionados de QDB com desconto progressivo 1 item com 15%, 2 itens com 20%, 3 ou mais itens com 25% de desconto.;Não;Não;Não;Sim;Não;Não;Não;Não;81;0;3;0;0;0;0;0;Não;Não;;Não;0;192;19.79;0;Não
13629;C;;51888;QDB LOC DES HID CPO PRAZER BERE 200ml;CUIDADOS COM A PELE;CUIDADOS COM O CORPO;;;4;0;0;0;4;0;0;1;0;2;2;0;0;0;0;0;0;0;132;0;0;0;25.0;Revendedor Rubi/Esmeralda/Diamante: Compre 50 a 99 itens selecionados de Eudora ou Boti/QDB e tenha 15% LE Boti/QDB e 10,20% LE Eudora. Compre 100 a 199 itens selecionados de Eudora ou Boti/QDB e tenha 20% LE Boti/QDB e 13,6% LE Eudora. Compre 200 ou mais itens selecionados de Eudora ou Boti/QDB e tenha 25% LE Boti/QDB e 17% LE Eudora.;;;0.0;"Junte ao menos 5 embalagens de qualquer marca, leve ao Espaço do Revendedor durante o Ciclo 16/2026, utilizando o cupom ""Botirecicla5"" ao fazer um pedido mínimo e ganhe um produto selecionado para vender com 100% de lucro. Promoção não válida para cartuchos.";;;Não;Não;Não;Não;Não;Não;Não;Não;1;0;0;14;0;0;0;0;Sim;Não;Crítico;Não;0;48;13.08;0;Não
13629;B;BA;88720;QDB LOC HID FAC SKINQ H/POTTER 110ml;CUIDADOS FACIAIS;HIDRATANTES E TRATAMENTOS;;;3;2;6;0;1;0;0;0;2;2;2;0;0;1;1;0;13;4;5;1;4;1;30.0;Itens selecionados com até 55% de lucro extra.;"35.0
30.0";"Compre itens selecionados e ganhe até 35% de lucro extra.
Itens selecionados com até 35% de lucro extra.";"50.0
30.0";"Franqueado: Ressarcimento via BSO. Consumidor/Revendedor: Compre itens selecionados durante o ciclo todo da Beauty Week com até 60% de desconto.
Itens selecionados com até 30% de lucro extra.";30.0;Itens selecionados com até 30% de lucro extra.;Não;Não;Não;Não;Não;Não;Não;Não;77;0;2;0;0;0;0;0;Não;Não;;Não;0;70;24.37;0;Não
13629;B;BA;55595;QDB MASC CILIO ALONGAMENTO RES/AG 10g;MAQUIAGEM;MAQUIAGEM OLHOS;;;0;2;0;0;0;0;0;4;0;4;1;1;3;2;5;0;3;0;10;2;9;2;25.0;Franqueado: Ressarcimento via BSO. Consumidor/Revendedor: Itens selecionados MAQUIAGEM e ACESSÓRIOS com até 34% de desconto.;;;60.0;Franqueado: Ressarcimento via BSO. Consumidor/Revendedor: Compre itens selecionados durante o ciclo todo da Beauty Week com até 60% de desconto.;;;Não;Não;Não;Não;Não;Não;Não;Não;0;1;3;2;2;4;13;15;Sim;Não;Crítico;Não;0;234;16.13;2;Não
13629;B;BA;47196;QDB MASC CILIO BIG BANG 360 10g;MAQUIAGEM;MAQUIAGEM OLHOS;;;4;2;0;4;0;7;7;1;4;0;1;1;3;2;1;1;4;0;10;2;2;4;35.0;Na compra de itens selecionados de maquiagem quem disse berenice no primeiro pedido, ganhe 35% de lucro extra. Limitado a 1 unidade por CPF. Válido para revendedores selecionados.;35.0;Na compra de itens selecionados de maquiagem quem disse berenice no primeiro pedido, ganhe 35% de lucro extra. Limitado a 1 unidade por CPF. Válido para revendedores selecionados.;35.0;Na compra de itens selecionados de maquiagem quem disse berenice no primeiro pedido, ganhe 35% de lucro extra. Limitado a 1 unidade por CPF. Válido para revendedores selecionados.;"35.0
25.0";"Na compra de itens selecionados de maquiagem quem disse berenice no primeiro pedido, ganhe 35% de lucro extra. Limitado a 1 unidade por CPF. Válido para revendedores selecionados.
Franqueado: Ressarcimento via BSO. Consumidor/Revendedor: Itens selecionados de QDB com desconto progressivo 1 item com 15%, 2 itens com 20%, 3 ou mais itens com 25% de desconto.";Não;Não;Não;Sim;Não;Não;Não;Não;0;2;2;3;0;0;2;6;Não;Não;;Não;0;234;24.37;0;Não
13629;B;BB;50713;QDB MASC CILIO BIG BANG S/LIMITES 10g;MAQUIAGEM;MAQUIAGEM OLHOS;;;1;0;1;3;2;2;0;1;0;2;2;1;1;2;0;0;0;0;83;2;1;2;;;"35.0
30.0";"Compre itens selecionados e ganhe 35% de lucro extra.
Franqueado: Ressarcimento via BSO. Consumidor/Revendedor: Itens selecionados com até 50% de desconto.";;;25.0;Franqueado: Ressarcimento via BSO. Consumidor/Revendedor: Itens selecionados de QDB com desconto progressivo 1 item com 15%, 2 itens com 20%, 3 ou mais itens com 25% de desconto.;Não;Não;Não;Sim;Não;Não;Não;Não;3;0;2;0;0;1;2;4;Não;Não;;Não;0;234;24.37;0;Não
13629;B;BB;55986;QDB MASC CILIO VOLUME/DEFINICAO 10g;MAQUIAGEM;MAQUIAGEM OLHOS;;;0;0;1;2;0;0;0;0;1;1;1;2;0;2;2;0;0;0;61;1;1;1;;;;;;;;;Não;Não;Não;Não;Não;Não;Não;Não;0;0;1;2;0;0;1;2;Sim;Não;Crítico;Não;0;234;16.13;0;Não
13629;B;BA;55596;QDB MASC CILIOS 4/1 BENEFICIO/SONHOS 10g;MAQUIAGEM;MAQUIAGEM OLHOS;;;3;3;0;3;2;1;1;1;1;4;2;3;3;2;4;4;2;2;4;1;7;1;25.0;Franqueado: Ressarcimento via BSO. Consumidor/Revendedor: Itens selecionados MAQUIAGEM e ACESSÓRIOS com até 34% de desconto.;;;50.0;Franqueado: Ressarcimento via BSO. Consumidor/Revendedor: Compre itens selecionados durante o ciclo todo da Beauty Week com até 51% de desconto.;;;Não;Não;Não;Não;Não;Não;Não;Não;0;1;3;2;1;2;9;10;Sim;Não;Crítico;Não;0;234;16.13;1;Não
13629;B;BA;55588;QDB MASC CILIOS BIG BANG V3 10g;MAQUIAGEM;MAQUIAGEM OLHOS;;;0;9;0;0;13;0;1;1;0;4;0;4;0;4;0;2;3;0;17;1;1;2;;;;;;;25.0;Franqueado: Ressarcimento via BSO. Consumidor/Revendedor: Itens selecionados de QDB com desconto progressivo 1 item com 15%, 2 itens com 20%, 3 ou mais itens com 25% de desconto.;Não;Não;Não;Sim;Não;Não;Não;Não;0;4;1;1;0;0;0;0;Não;Não;;Não;0;234;24.37;0;Não
13629;B;BA;86119;QDB MASC/CILIO POP 10g;MAQUIAGEM;MAQUIAGEM OLHOS;;;0;0;62;3;0;1;4;4;5;4;1;8;3;8;8;10;3;0;27;3;7;4;;;;;"15.0
11.0";"Consumidor/Revendedor: Franqueado: Ressarcimento via BSO. Consumidor: Compre itens selecionados de maquiagem com até 15% de desconto direto.
Franqueado: Ressarcimento via BSO. Consumidor: Compre progressiva de itens selecionados de maquiagem com até 25% de desconto. Compre 2 Itens com 20% (desconto adicional 5,88%) compre 3 ou mais itens com 25% (desconto adicional 11,76%).";;;Não;Não;Não;Não;Não;Não;Não;Não;0;0;4;13;0;0;1;5;Sim;Não;Crítico;Não;0;234;10.64;0;Não
13629;C;;56578;QDB PINCEL BASE KABUKI FACIAL;ACESSÓRIOS;PINCÉIS;;;0;0;2;0;0;0;0;0;0;0;0;0;0;1;0;1;0;0;41;0;1;0;45.0;Compre itens selecionados e ganhe lucro extra de até 45%. Válido entre os dias 05/10 a 12/10.;35.0;Compre itens selecionados e ganhe até 35% de lucro extra.;40.0;Franqueado: Ressarcimento via BSO. Consumidor/Revendedor: Compre itens selecionados durante o ciclo todo da Beauty Week com até 51% de desconto.;;;Não;Não;Não;Não;Não;Não;Não;Não;1;0;1;0;0;0;0;0;Não;Não;;Não;0;120;28.4;0;Não
13629;C;;78957;QDB PINCEL MULTI EFEITOS;ACESSÓRIOS;PINCÉIS;;;0;0;2;0;0;0;0;0;0;0;0;0;0;1;0;0;0;0;74;0;0;0;;;;;;;25.0;Franqueado: Ressarcimento via BSO. Consumidor/Revendedor: Itens selecionados de QDB com desconto progressivo 1 item com 15%, 2 itens com 20%, 3 ou mais itens com 25% de desconto.;Não;Não;Não;Sim;Não;Não;Não;Não;5;0;0;0;0;0;0;0;Não;Não;;Não;0;180;29.54;0;Não
13629;C;;55207;QDB PINCEL MULTIPLO ACABAMENTO PS;ACESSÓRIOS;PINCÉIS;;;1;0;2;0;0;0;0;0;1;0;0;0;0;0;1;0;0;0;61;0;0;0;;;40.0;Franqueado: Ressarcimento via BSO. Consumidor/Revendedor: Itens selecionados com até 50% de desconto.;40.0;Franqueado: Ressarcimento via BSO. Consumidor/Revendedor: Compre itens selecionados durante o ciclo todo da Beauty Week com até 51% de desconto.;;;Não;Não;Não;Não;Não;Não;Não;Não;0;0;;0;0;0;0;0;Não;Não;;Não;0;624;18.92;0;Não
13629;B;BB;89863;QDB PINCEL MULTIUSO TUDO EM 1;ACESSÓRIOS;PINCÉIS;;;0;0;0;0;0;0;0;0;0;0;2;1;0;1;0;1;0;0;38;1;1;0;;;;;;;25.0;Franqueado: Ressarcimento via BSO. Consumidor/Revendedor: Itens selecionados de QDB com desconto progressivo 1 item com 15%, 2 itens com 20%, 3 ou mais itens com 25% de desconto.;Não;Não;Não;Sim;Não;Não;Não;Não;31;0;1;0;0;0;0;0;Não;Não;;Não;0;72;34.08;0;Não
13629;C;;49900;QDB PINCEL PO FACIAL;ACESSÓRIOS;PINCÉIS;;;0;1;0;0;1;0;0;0;0;0;0;0;0;1;1;0;0;0;50;0;1;0;;;40.0;Franqueado: Ressarcimento via BSO. Consumidor/Revendedor: Itens selecionados com até 50% de desconto.;40.0;Franqueado: Ressarcimento via BSO. Consumidor/Revendedor: Compre itens selecionados durante o ciclo todo da Beauty Week com até 60% de desconto.;;;Não;Não;Não;Não;Não;Não;Não;Não;0;0;1;0;0;0;1;1;Não;Não;;Não;0;192;29.16;0;Não
13629;C;;79133;QDB PINCEL PO/BLUSH;ACESSÓRIOS;PINCÉIS;;;0;0;5;0;0;0;0;0;1;0;0;0;0;0;0;0;0;0;178;0;0;0;;;;;;;25.0;Franqueado: Ressarcimento via BSO. Consumidor/Revendedor: Itens selecionados de QDB com desconto progressivo 1 item com 15%, 2 itens com 20%, 3 ou mais itens com 25% de desconto.;Não;Não;Não;Sim;Não;Não;Não;Não;4;0;0;0;0;0;0;0;Não;Não;;Não;0;180;29.54;0;Não
13629;C;;78923;QDB PINCEL ROSTO SUPER DENSO;ACESSÓRIOS;PINCÉIS;;;0;0;0;0;0;0;0;0;0;0;0;0;0;0;1;0;1;0;19;0;0;0;;;30.0;Franqueado: Ressarcimento via BSO. Consumidor/Revendedor: Itens selecionados com até 50% de desconto.;;;25.0;Franqueado: Ressarcimento via BSO. Consumidor/Revendedor: Itens selecionados de QDB com desconto progressivo 1 item com 15%, 2 itens com 20%, 3 ou mais itens com 25% de desconto.;Não;Não;Não;Sim;Não;Não;Não;Não;1;0;0;0;0;0;0;0;Não;Não;;Não;0;168;29.54;0;Não
13629;B;BA;59468;QDB PLT MULTIF NUDETE 7g;MAQUIAGEM;MAQUIAGEM MULTIFUNCIONAL;;;1;1;1;3;1;2;4;0;0;2;0;3;1;0;0;0;3;0;10;3;2;4;;;20.0;Franqueado: Ressarcimento via BSO. Consumidor/Revendedor: Itens selecionados com até 50% de desconto.;;;25.0;Franqueado: Ressarcimento via BSO. Consumidor/Revendedor: Itens selecionados de QDB com desconto progressivo 1 item com 15%, 2 itens com 20%, 3 ou mais itens com 25% de desconto.;Não;Não;Não;Sim;Não;Não;Não;Não;0;0;2;3;0;2;4;8;Sim;Não;Crítico;Não;0;96;28.33;0;Não
13629;B;BA;59469;QDB PLT MULTIF ROSELELE 7g;MAQUIAGEM;MAQUIAGEM MULTIFUNCIONAL;;;0;3;0;1;1;0;5;0;1;0;0;3;1;0;0;0;4;0;13;4;1;4;;;20.0;Franqueado: Ressarcimento via BSO. Consumidor/Revendedor: Itens selecionados com até 50% de desconto.;;;25.0;Franqueado: Ressarcimento via BSO. Consumidor/Revendedor: Itens selecionados de QDB com desconto progressivo 1 item com 15%, 2 itens com 20%, 3 ou mais itens com 25% de desconto.;Não;Não;Não;Sim;Não;Não;Não;Não;0;2;2;0;1;5;6;10;Não;Não;;Não;0;96;28.33;1;Não
13629;A;;90507;QDB PLT SOMB FRIENDS CENTRAL PERK 10g;MAQUIAGEM;MAQUIAGEM OLHOS;;;0;0;0;0;0;0;0;0;0;0;0;0;0;27;6;0;0;0;62;2;3;0;38.0;Franqueado: Ressarcimento via BSO. Consumidor/Revendedor: Itens selecionados da linha de Friends com até 41% de desconto.;38.0;Franqueado: Ressarcimento via BSO. Consumidor/Revendedor: Itens selecionados da linha de Friends com até 41% de desconto.;40.0;Franqueado: Ressarcimento via BSO. Consumidor/Revendedor: Compre itens selecionados durante o ciclo todo da Beauty Week com até 60% de desconto.;;;Não;Não;Não;Não;Não;Não;Não;Não;8;0;2;0;0;0;1;1;Não;Não;;Não;0;12;71.64;0;Não
13629;B;BB;04438;QDB PO COMP FAC MULTIEF BRONZE 4/1 18g;MAQUIAGEM;MAQUIAGEM ROSTO;;;0;1;0;1;0;0;1;1;3;0;0;0;1;0;1;0;0;0;59;1;1;1;;;;;30.0;Compre itens selecionados e ganhe lucro extra de até 30%.;25.0;Franqueado: Ressarcimento via BSO. Consumidor/Revendedor: Itens selecionados de QDB com desconto progressivo 1 item com 15%, 2 itens com 20%, 3 ou mais itens com 25% de desconto.;Não;Não;Não;Sim;Não;Não;Não;Não;3;0;1;0;0;0;0;1;Não;Não;;Não;0;72;31.99;0;Não
13629;B;BB;56806;QDB PO COMP FAC TRANSL INSTMAT V2 6g;MAQUIAGEM;MAQUIAGEM ROSTO;;;0;0;2;2;0;0;2;1;0;2;0;1;0;0;0;2;1;1;4;1;3;1;20.0;Franqueado: Ressarcimento via BSO. Consumidor/Revendedor: Itens selecionados MAQUIAGEM e ACESSÓRIOS com até 34% de desconto.;;;20.0;Franqueado: Ressarcimento via BSO. Consumidor/Revendedor: Compre itens selecionados durante o ciclo todo da Beauty Week com até 60% de desconto.;;;Não;Não;Não;Não;Não;Não;Não;Não;0;0;2;2;0;1;4;5;Não;Não;;Não;0;202;24.37;0;Não
13629;B;BA;59384;QDB PO SLT TO NO GLOW 2 9g;MAQUIAGEM;MAQUIAGEM ROSTO;;;6;4;1;0;1;0;3;2;2;1;2;0;0;3;1;1;0;0;38;1;2;1;;;25.0;Franqueado: Ressarcimento via BSO. Consumidor/Revendedor: Itens selecionados com até 50% de desconto.;25.0;Franqueado: Ressarcimento via BSO. Consumidor/Revendedor: Compre itens selecionados durante o ciclo todo da Beauty Week com até 60% de desconto.;;;Não;Sim;Não;Não;Não;Não;Não;Não;4;0;1;0;0;0;1;2;Não;Não;;Não;0;116;27.42;0;Não
13629;C;;56807;QDB PO SLT TRANS INSTMAT ROSELELE V2 10g;MAQUIAGEM;MAQUIAGEM ROSTO;;;0;2;2;3;0;0;1;0;3;0;1;0;0;0;0;0;0;2;6;1;3;1;25.0;Franqueado: Ressarcimento via BSO. Consumidor/Revendedor: Itens selecionados MAQUIAGEM e ACESSÓRIOS com até 34% de desconto.;;;25.0;Franqueado: Ressarcimento via BSO. Consumidor/Revendedor: Compre itens selecionados durante a semana Beauty Week com até 50% de desconto.;;;Não;Não;Não;Não;Não;Não;Não;Não;0;0;2;2;0;1;4;5;Não;Não;;Não;0;116;21.32;0;Não
13629;B;BB;50251;QDB PR SOL FAC C/COR FPS70 SKINQ 03 40ml;SOLAR;PROTETOR FACIAL COM COR;;;7;1;0;1;0;1;0;4;2;0;2;0;0;0;0;0;0;0;136;1;1;0;;;50.0;Franqueado: Ressarcimento via BSO. Consumidor/Revendedor: Itens selecionados com até 50% de desconto.;50.0;Franqueado: Ressarcimento via BSO. Consumidor/Revendedor: Compre itens selecionados durante o ciclo todo da Beauty Week com até 51% de desconto.;;;Não;Não;Sim;Não;Não;Não;Não;Não;0;0;1;0;1;1;2;2;Não;Não;;Não;0;89;26.52;1;Não
13629;C;;50253;QDB PR SOL FAC C/COR FPS70 SKINQ 40ml;SOLAR;PROTETOR FACIAL COM COR;;;0;0;0;1;1;1;0;3;0;0;1;0;0;0;0;0;0;0;132;1;1;0;25.0;Revendedor Rubi/Esmeralda/Diamante: Compre 50 a 99 itens selecionados de Eudora ou Boti/QDB e tenha 15% LE Boti/QDB e 10,20% LE Eudora. Compre 100 a 199 itens selecionados de Eudora ou Boti/QDB e tenha 20% LE Boti/QDB e 13,6% LE Eudora. Compre 200 ou mais itens selecionados de Eudora ou Boti/QDB e tenha 25% LE Boti/QDB e 17% LE Eudora.;50.0;Franqueado: Ressarcimento via BSO. Consumidor/Revendedor: Itens selecionados com até 50% de desconto.;50.0;Franqueado: Ressarcimento via BSO. Consumidor/Revendedor: Compre itens selecionados durante o ciclo todo da Beauty Week com até 51% de desconto.;;;Não;Não;Sim;Não;Não;Não;Não;Não;0;0;1;0;1;1;2;2;Não;Não;;Não;0;89;26.52;1;Não
13629;B;BB;55592;QDB PRIMER FAC LIQ INSTAMATTE 20ml;MAQUIAGEM;MAQUIAGEM ROSTO;;;0;0;4;2;1;0;2;2;0;0;0;1;1;1;1;1;2;0;12;1;3;1;20.0;Franqueado: Ressarcimento via BSO. Consumidor/Revendedor: Itens selecionados MAQUIAGEM e ACESSÓRIOS com até 34% de desconto.;;;20.0;Franqueado: Ressarcimento via BSO. Consumidor/Revendedor: Compre itens selecionados durante a semana Beauty Week com até 50% de desconto.;;;Não;Não;Não;Não;Não;Não;Não;Não;0;2;2;0;1;1;4;5;Não;Não;;Não;0;88;20.71;1;Não
13629;B;BB;50258;QDB PROT SOL FAC FPS70 SKINQ 40ml;SOLAR;PROTETOR FACIAL;;;1;4;2;3;0;2;0;1;1;1;0;2;0;0;0;0;0;0;117;0;0;0;;;50.0;Franqueado: Ressarcimento via BSO. Consumidor/Revendedor: Itens selecionados com até 50% de desconto.;50.0;Franqueado: Ressarcimento via BSO. Consumidor/Revendedor: Compre itens selecionados durante o ciclo todo da Beauty Week com até 51% de desconto.;;;Não;Não;Sim;Não;Não;Não;Não;Não;0;0;;0;0;0;0;0;Não;Não;;Não;0;89;26.52;0;Não
13629;C;;79484;QDB SAB LIQ FAC DEMAQ 90ml V2;MAQUIAGEM;MAQUIAGEM ROSTO;;;0;1;0;0;0;0;0;0;0;0;1;0;0;0;0;1;0;0;37;1;3;1;30.0;Compre itens selecionados e ganhe lucro extra de até 45%. Válido entre os dias 05/10 a 12/10.;35.0;Compre itens selecionados e ganhe 35% de lucro extra.;60.0;Franqueado: Ressarcimento via BSO. Consumidor/Revendedor: Compre itens selecionados durante o ciclo todo da Beauty Week com até 60% de desconto.;;;Não;Não;Não;Não;Não;Não;Não;Não;0;0;2;1;0;1;4;5;Não;Não;;Não;0;80;19.58;0;Não
13629;B;BB;87480;QDB SRUM FAC LEVANTA TUDO SKINQ V2 30ml;CUIDADOS FACIAIS;HIDRATANTES E TRATAMENTOS;;;2;1;0;0;2;0;0;4;0;1;1;1;0;1;0;0;1;0;9;1;3;1;;;;;50.0;Franqueado: Ressarcimento via BSO. Consumidor/Revendedor: Compre itens selecionados durante o ciclo todo da Beauty Week com até 51% de desconto.;;;Não;Não;Não;Não;Não;Não;Não;Não;1;0;2;1;0;1;4;5;Não;Não;;Não;0;99;36.56;0;Não
13629;E;;50568;QDB SRUM REST FAC ACORD/GLOW SKIN Q 30ml;CUIDADOS FACIAIS;HIDRATANTES E TRATAMENTOS;;;1;0;1;1;0;0;0;2;1;0;0;0;0;0;0;0;0;0;188;1;0;0;;;30.0;Franqueado: Ressarcimento via BSO. Consumidor/Revendedor: Itens selecionados com até 50% de desconto.;;;;;Não;Não;Não;Não;Não;Não;Não;Não;0;0;1;0;0;1;1;1;Não;Não;;Não;0;99;31.99;0;Não
13629;A;;90517;QDB STCK 3/1 MULT FRIENDS AVEL/CHANDL 4g;MAQUIAGEM;MAQUIAGEM MULTIFUNCIONAL;;;0;0;0;0;0;0;0;0;0;0;0;0;0;44;10;4;0;0;;7;9;2;38.0;Franqueado: Ressarcimento via BSO. Consumidor/Revendedor: Itens selecionados da linha de Friends com até 41% de desconto.;38.0;Franqueado: Ressarcimento via BSO. Consumidor/Revendedor: Itens selecionados da linha de Friends com até 41% de desconto.;38.0;Franqueado: Ressarcimento via BSO. Consumidor/Revendedor: Compre itens selecionados durante o ciclo todo da Beauty Week com até 60% de desconto.;;;Não;Não;Não;Não;Não;Não;Não;Não;43;0;;0;0;0;0;0;Não;Sim;;Não;0;36;27.42;0;Não
13629;A;;90508;QDB STCK 3/1 MULT FRIENDS BRD/RACHAEL 4g;MAQUIAGEM;MAQUIAGEM MULTIFUNCIONAL;;;0;0;0;0;0;0;0;0;0;0;0;0;0;44;6;5;1;0;;4;5;1;38.0;Franqueado: Ressarcimento via BSO. Consumidor/Revendedor: Itens selecionados da linha de Friends com até 41% de desconto.;38.0;Franqueado: Ressarcimento via BSO. Consumidor/Revendedor: Itens selecionados da linha de Friends com até 41% de desconto.;38.0;Franqueado: Ressarcimento via BSO. Consumidor/Revendedor: Compre itens selecionados durante o ciclo todo da Beauty Week com até 60% de desconto.;;;Não;Não;Não;Não;Não;Não;Não;Não;67;0;;0;0;0;0;0;Não;Sim;;Não;0;36;27.42;0;Não
13629;A;;90519;QDB STCK 3/1 MULT FRIENDS CANELA JOEY 4g;MAQUIAGEM;MAQUIAGEM MULTIFUNCIONAL;;;0;0;0;0;0;0;0;0;0;0;0;0;0;41;9;3;1;0;;7;9;1;38.0;Franqueado: Ressarcimento via BSO. Consumidor/Revendedor: Itens selecionados da linha de Friends com até 41% de desconto.;38.0;Franqueado: Ressarcimento via BSO. Consumidor/Revendedor: Itens selecionados da linha de Friends com até 41% de desconto.;38.0;Franqueado: Ressarcimento via BSO. Consumidor/Revendedor: Compre itens selecionados durante o ciclo todo da Beauty Week com até 60% de desconto.;;;Não;Não;Não;Não;Não;Não;Não;Não;51;0;;0;0;0;0;0;Não;Sim;;Não;0;36;27.42;0;Não
13629;A;;90509;QDB STCK 3/1 MULT FRIENDS PESS/PHOEBE 4g;MAQUIAGEM;MAQUIAGEM MULTIFUNCIONAL;;;0;0;0;0;0;0;0;0;0;0;0;0;0;55;5;1;3;0;;6;8;1;38.0;Franqueado: Ressarcimento via BSO. Consumidor/Revendedor: Itens selecionados da linha de Friends com até 41% de desconto.;38.0;Franqueado: Ressarcimento via BSO. Consumidor/Revendedor: Itens selecionados da linha de Friends com até 41% de desconto.;38.0;Franqueado: Ressarcimento via BSO. Consumidor/Revendedor: Compre itens selecionados durante o ciclo todo da Beauty Week com até 60% de desconto.;;;Não;Não;Não;Não;Não;Não;Não;Não;11;0;;0;0;0;0;0;Não;Sim;;Não;0;36;27.42;0;Não
13629;A;;90516;QDB STCK 3/1 MULT FRIENDS ROSA ROSS 4g;MAQUIAGEM;MAQUIAGEM MULTIFUNCIONAL;;;0;0;0;0;0;0;0;0;0;0;0;0;0;41;8;3;3;0;;7;9;2;38.0;Franqueado: Ressarcimento via BSO. Consumidor/Revendedor: Itens selecionados da linha de Friends com até 41% de desconto.;38.0;Franqueado: Ressarcimento via BSO. Consumidor/Revendedor: Itens selecionados da linha de Friends com até 41% de desconto.;38.0;Franqueado: Ressarcimento via BSO. Consumidor/Revendedor: Compre itens selecionados durante o ciclo todo da Beauty Week com até 60% de desconto.;;;Não;Não;Não;Não;Não;Não;Não;Não;46;0;;0;0;0;0;0;Não;Sim;;Não;0;36;27.42;0;Não
13629;A;;90510;QDB STCK 3/1 MULT FRIENDS VERM/MONICA 4g;MAQUIAGEM;MAQUIAGEM MULTIFUNCIONAL;;;0;0;0;0;0;0;0;0;0;0;0;0;0;54;13;3;2;0;;7;9;1;38.0;Franqueado: Ressarcimento via BSO. Consumidor/Revendedor: Itens selecionados da linha de Friends com até 41% de desconto.;38.0;Franqueado: Ressarcimento via BSO. Consumidor/Revendedor: Itens selecionados da linha de Friends com até 41% de desconto.;38.0;Franqueado: Ressarcimento via BSO. Consumidor/Revendedor: Compre itens selecionados durante o ciclo todo da Beauty Week com até 60% de desconto.;;;Não;Não;Não;Não;Não;Não;Não;Não;22;0;;0;0;0;0;0;Não;Sim;;Não;0;36;27.42;0;Não
13629;B;BC;87223;REF QDB ESP LIM F NUT SKINQ LAR V2 110ml;CUIDADOS FACIAIS;LIMPEZA;;;2;0;0;0;0;0;0;2;1;7;1;0;0;3;0;0;0;1;1;1;4;1;;;;;50.0;Franqueado: Ressarcimento via BSO. Consumidor/Revendedor: Compre itens selecionados durante o ciclo todo da Beauty Week com até 51% de desconto.;;;Não;Não;Não;Não;Não;Não;Não;Não;0;0;2;0;2;2;6;7;Não;Não;;Não;0;70;14.07;2;Não
